STT,Ket qua,10 so in tren the,Ma the (FC-ID),Ma Hex UID,Slot Flash,So thu tu (Seq)
1,THANH CONG,0007508976,114-37872,00007293F0,0,1
2,THAT BAI,0001234567,018-54919,000012D687,1,2
3,THANH CONG,0007542301,115-05661,000073161D,2,3
4,THAT BAI,0000000001,000-00001,0000000001,3,4
5,THANH CONG,0007508976,114-37872,00007293F0,4,5
6,THAT BAI,0001193046,018-13398,0000123456,5,6
7,THANH CONG,0007312242,111-37746,00006F9372,6,7
8,THAT BAI,0007520095,114-48991,000072BF5F,7,8
9,THANH CONG,0007520095,114-48991,000072BF5F,8,9
