net,length_um
clknet_0_clk,437.06µm
net35,332.66µm
net38,310.04µm
_0718_,302.39µm
net43,298.52µm
net44,293.49µm
clknet_3_0__leaf_clk,289.9µm
net36,285.01µm
net42,269.97µm
net40,259.29µm
_0744_,256.1µm
clknet_3_7__leaf_clk,238.16µm
_0779_,237.615µm
net76,235.91µm
_0894_,229.75µm
net114,225.81µm
_0743_,220.7µm
clknet_3_6__leaf_clk,216.74µm
clknet_3_3__leaf_clk,216.02µm
net113,212.9µm
clknet_3_5__leaf_clk,211.14µm
net126,210.97µm
net31,208.43µm
net81,208.35µm
net39,204.66µm
clknet_3_1__leaf_clk,203.73µm
net41,203.2µm
_0896_,202.92µm
net66,198.87µm
net85,195.24µm
clknet_3_2__leaf_clk,194.62µm
net57,191.76µm
net79,191.38µm
_0888_,188.17µm
net83,188.07µm
net61,187.935µm
net72,182.88µm
net147,182.67µm
net62,182.33µm
_0948_,181.28µm
net157,181.05µm
_1142_,177.22µm
_0919_,176.44µm
net20,175.75µm
net64,173.72µm
_0900_,172.69µm
net16,172.02µm
net145,171.99µm
net151,170.53µm
net74,170.14µm
net37,169.72µm
net153,166.885µm
_1507_,165.94µm
clknet_3_4__leaf_clk,164.28µm
_1586_,163.72µm
_0958_,160.04µm
net71,159.98µm
_1437_,159.32µm
net56,158.8µm
_0874_,158.77µm
net149,158.7µm
_1504_,158.51µm
_0885_,158µm
net68,156.8µm
net18,156.295µm
_0944_,155.94µm
_1375_,155.36µm
_1132_,154.88µm
_0899_,154.295µm
_1407_,154.2µm
net65,153.035µm
_0908_,152.42µm
net135,152.12µm
_0913_,151.41µm
_0962_,150.05µm
_1506_,149.96µm
clknet_leaf_21_clk,148.475µm
_0668_,148.47µm
_0876_,147.92µm
_0892_,147.45µm
rdm_rx_sync,147.24µm
net14,145.52µm
net30,145.38µm
clknet_leaf_17_clk,144.34µm
clknet_leaf_33_clk,141.78µm
net69,141.3µm
net84,141.12µm
net80,140.98µm
_0943_,140.7µm
net33,139.86µm
tag_raw\[34\],139.1µm
_0952_,137.42µm
card_event,137.35µm
_0959_,137.06µm
net70,137.02µm
net23,136.72µm
net19,136.64µm
_0947_,136.495µm
_1505_,136.48µm
_0949_,135.74µm
clk,134.19µm
_0957_,133.93µm
net32,133.66µm
_0902_,133.62µm
net78,129.98µm
net82,129.54µm
_1067_,129.28µm
u_tx_fifo.rd_ptr\[1\],128.4µm
_0960_,128.25µm
net58,128.2µm
clknet_leaf_59_clk,128.115µm
_1436_,127.9µm
_0956_,126.65µm
net21,126.32µm
net90,126.26µm
net146,126.22µm
_1585_,125.7µm
net25,125.06µm
net101,124.9µm
net51,124.48µm
clknet_leaf_7_clk,123.41µm
net12,123.19µm
net148,122.66µm
net8,122.6µm
net9,122.56µm
_1438_,122.14µm
_0945_,121.2µm
net143,121.03µm
_0941_,120.26µm
u_tx_fifo.rd_ptr\[0\],120.23µm
net29,120.075µm
net3,119.8µm
_0953_,119.67µm
net150,118.74µm
net7,117.98µm
clknet_leaf_18_clk,117.98µm
clknet_leaf_60_clk,117.7µm
clknet_leaf_62_clk,117.22µm
net27,117.16µm
net15,115.94µm
net154,114.84µm
net130,114.81µm
net144,114.69µm
_0752_,114.67µm
net102,113.62µm
net152,113.46µm
net67,112.14µm
_0760_,111.64µm
clknet_leaf_1_clk,111.34µm
net138,111.21µm
u_rx_fifo.rd_ptr\[1\],111.14µm
clknet_leaf_46_clk,110.6µm
net94,110.47µm
net34,110.14µm
net136,109.74µm
net119,109.16µm
net86,109.05µm
net55,108.47µm
net73,108.31µm
_1235_,107.44µm
_0768_,107.19µm
clknet_leaf_26_clk,106.64µm
_0936_,106.56µm
_0964_,105.98µm
net59,105.68µm
net111,105.34µm
_1376_,105.32µm
clknet_leaf_13_clk,105.02µm
net63,104.84µm
clknet_leaf_35_clk,104.66µm
net13,104.48µm
_0923_,104.06µm
net155,103.94µm
clknet_leaf_38_clk,103.8µm
u_uart_rx.break_detect,103.61µm
clknet_leaf_58_clk,102.75µm
clknet_leaf_56_clk,102.34µm
clknet_leaf_14_clk,101.88µm
_1218_,101.56µm
net93,101.38µm
net128,100.61µm
net87,100.49µm
clknet_leaf_36_clk,99.96µm
net10,99.575µm
clknet_leaf_63_clk,99.315µm
_1206_,99.1µm
net112,98.56µm
net120,98.12µm
clknet_leaf_12_clk,97.84µm
_0881_,97.8µm
_0845_,97.7µm
_1233_,96.32µm
net54,96.13µm
net107,95.71µm
clknet_leaf_27_clk,95.6µm
net17,95.13µm
net131,94.96µm
net108,94.56µm
clknet_leaf_11_clk,94.34µm
_1525_,94.23µm
clknet_leaf_28_clk,94µm
_0955_,93.76µm
net122,93.72µm
net123,93.19µm
net140,92.5µm
_0940_,92.4µm
net77,92.34µm
_1513_,92.22µm
net49,91.74µm
clknet_leaf_43_clk,90.52µm
clknet_leaf_65_clk,90.14µm
clknet_leaf_45_clk,89.92µm
net118,89.63µm
net91,89.62µm
net115,89.44µm
net28,89.2µm
u_rx_fifo.rd_ptr\[0\],89.18µm
u_rx_fifo.rd_ptr\[3\],89µm
_1200_,88.58µm
clknet_leaf_24_clk,87.62µm
net60,87.12µm
tag_raw\[23\],87µm
tag_raw\[39\],86.82µm
_0967_,86.7µm
net117,86.65µm
_0932_,86.22µm
net104,86.14µm
clknet_leaf_8_clk,86µm
net95,85.78µm
_0882_,85.66µm
_1215_,85.52µm
net22,85.29µm
clknet_leaf_64_clk,85.12µm
net98,84.62µm
clknet_leaf_16_clk,84.43µm
_0911_,84.38µm
_1221_,84.25µm
net6,83.86µm
clknet_leaf_10_clk,83.76µm
net53,82.95µm
tag_raw\[20\],82.6µm
_1306_,82.42µm
tag_raw\[11\],81.9µm
clknet_leaf_39_clk,81.84µm
clknet_leaf_48_clk,81.24µm
net99,81.2µm
_0813_,80.84µm
tag_raw\[25\],80.72µm
net125,80.47µm
_0904_,79.975µm
net50,79.58µm
tag_raw\[27\],78.46µm
_0797_,78.21µm
_1086_,77.92µm
clknet_leaf_19_clk,77.59µm
net26,77.58µm
_0901_,77.04µm
net127,76.1µm
_1140_,75.75µm
tag_raw\[8\],75.26µm
u_tx_fifo.rd_ptr\[3\],75.16µm
_1300_,74.72µm
_1220_,74.56µm
_1411_,74.32µm
_1230_,74.3µm
tag_raw\[14\],74.28µm
net24,74.12µm
clknet_leaf_15_clk,73.92µm
_1307_,73.8µm
_0954_,73.46µm
clknet_leaf_32_clk,73.46µm
clknet_leaf_57_clk,72.84µm
_1143_,72.72µm
clknet_leaf_61_clk,72.3µm
net92,71.91µm
_0726_,71.26µm
tag_raw\[6\],71.24µm
net1,71.18µm
_1409_,71.1µm
_0946_,70.86µm
net97,70.81µm
clknet_leaf_23_clk,70.8µm
tag_raw\[15\],70.36µm
_1118_,69.78µm
clknet_leaf_50_clk,69.515µm
clknet_leaf_6_clk,69.4µm
tag_raw\[0\],69.21µm
net132,69.07µm
tag_raw\[13\],68.8µm
_0751_,68.72µm
_1358_,67.94µm
clknet_leaf_9_clk,67.74µm
net106,67.67µm
_1362_,67.48µm
net142,67.26µm
tag_raw\[19\],67.06µm
clknet_leaf_55_clk,66.94µm
_0966_,65.82µm
clknet_leaf_49_clk,65.68µm
_0927_,65.58µm
net96,65.58µm
net88,65.47µm
net133,65.45µm
clknet_leaf_3_clk,65.38µm
_1078_,65.06µm
_1205_,65µm
clknet_leaf_25_clk,64.88µm
_0671_,64.835µm
_1144_,64.78µm
net11,64.68µm
clknet_leaf_34_clk,64.56µm
tag_raw\[4\],64.26µm
_0717_,64.24µm
tag_raw\[9\],64.16µm
_1152_,64.06µm
u_parser.u_decoder.index\[0\],63.72µm
tag_raw\[7\],63.48µm
u_parser.u_decoder.state\[1\],63.14µm
net52,62.64µm
net109,62.575µm
_1126_,62.54µm
net75,61.98µm
_1244_,61.68µm
_1441_,61.64µm
tag_raw\[1\],61.56µm
clknet_leaf_0_clk,61.54µm
clknet_leaf_41_clk,61.24µm
_1373_,61.22µm
clknet_leaf_29_clk,60.88µm
_0682_,60.38µm
_1203_,60.02µm
clknet_leaf_31_clk,60µm
_1292_,59.94µm
_0849_,59.92µm
_0950_,58.56µm
net89,58.32µm
_0846_,58.12µm
_0848_,57.46µm
_1094_,56.7µm
_1510_,56.68µm
_0742_,55.96µm
_0868_,55.08µm
tag_raw\[12\],55.04µm
net129,55µm
_1248_,54.82µm
net124,54.6µm
_1276_,54.56µm
_1263_,54.06µm
clknet_leaf_40_clk,54.02µm
tag_raw\[2\],53.84µm
tag_raw\[22\],53.82µm
net4,53.53µm
_1346_,53.28µm
_1365_,53.24µm
u_uart_rx.vote_ones\[1\],53µm
_0884_,52.72µm
u_rx_fifo.wr_ptr\[3\],52.72µm
_1412_,52.08µm
_0922_,51.62µm
clknet_leaf_2_clk,51.46µm
clknet_leaf_4_clk,51.46µm
rx_fifo_in_data\[4\],51.44µm
_1115_,51.34µm
u_tx_fifo.wr_ptr\[2\],51.06µm
_0733_,50.94µm
clknet_leaf_52_clk,50.94µm
_0767_,50.84µm
clknet_leaf_22_clk,50.54µm
_1286_,50.32µm
_1291_,50.2µm
u_parser.u_decoder.ascii_buf\[3\]\[3\],50.08µm
_1342_,50.02µm
_1123_,49.78µm
_1120_,49.74µm
u_tx_fifo.wr_ptr\[3\],49.7µm
_1116_,49.66µm
net100,49.56µm
net121,49.55µm
clknet_leaf_5_clk,49.1µm
tag_raw\[5\],49.04µm
u_parser.u_decoder.index\[1\],48.785µm
tag_raw\[10\],48.78µm
_0734_,48.68µm
clknet_leaf_42_clk,48.58µm
_1070_,48.4µm
_1305_,48.36µm
_1410_,48.16µm
u_uart_tx.bit_index\[0\],48.04µm
_0889_,48µm
_1236_,47.42µm
u_parser.u_packet_encoder.byte_index\[3\],47.26µm
_0981_,46.17µm
_1509_,46.12µm
_1320_,46.08µm
net116,45.97µm
clknet_leaf_44_clk,45.875µm
_0930_,45.68µm
_0723_,45.55µm
_1104_,45.54µm
_1408_,45.4µm
_1279_,45.28µm
u_parser.u_decoder.timeout_count\[8\],45.18µm
_1374_,44.22µm
_0915_,44.04µm
net103,43.96µm
_1273_,43.78µm
u_parser.u_decoder.ascii_buf\[9\]\[3\],43.56µm
_0926_,43.5µm
u_parser.u_decoder.decoded_checksum_calc\[2\],43.315µm
u_parser.u_decoder.ascii_buf\[2\]\[2\],43.23µm
_1091_,43.2µm
_1165_,43.125µm
u_uart_tx.state\[2\],43.08µm
tag_raw\[31\],42.94µm
_0886_,42.76µm
_0990_,42.7µm
tag_raw\[21\],42.66µm
u_uart_rx.bit_index\[1\],42.26µm
net134,42.24µm
_1372_,41.66µm
_1110_,41.16µm
net141,41.01µm
u_parser.u_decoder.ascii_buf\[7\]\[0\],40.98µm
_0737_,40.94µm
_1107_,40.74µm
u_parser.u_decoder.ascii_buf\[3\]\[0\],40.46µm
net139,40.4µm
_1146_,40.295µm
net105,40.16µm
_1337_,39.98µm
_0844_,39.93µm
rx_fifo_in_data\[6\],39.82µm
clknet_leaf_37_clk,39.82µm
_0786_,39.6µm
_0870_,39.54µm
clknet_leaf_66_clk,39.48µm
_1093_,39.04µm
net137,38.78µm
_1029_,38.63µm
_0825_,38.44µm
u_parser.u_decoder.ascii_buf\[2\]\[1\],38.38µm
clknet_leaf_54_clk,38.2µm
u_parser.u_decoder.index\[3\],38.04µm
tag_raw\[17\],38.02µm
_0740_,37.96µm
u_rx_fifo.wr_ptr\[2\],37.78µm
_1350_,37.76µm
u_parser.u_decoder.ascii_buf\[2\]\[3\],37.74µm
_0681_,37.6µm
_0790_,37.295µm
tag_raw\[37\],37.28µm
u_parser.u_decoder.ascii_buf\[7\]\[2\],37.15µm
_1131_,37.12µm
_0746_,37.1µm
_1046_,37µm
u_parser.u_packet_encoder.crc_latched\[5\],36.86µm
_0878_,36.56µm
u_parser.u_decoder.ascii_buf\[4\]\[7\],36.56µm
u_parser.u_decoder.ascii_buf\[7\]\[1\],36.49µm
u_parser.u_decoder.ascii_buf\[1\]\[3\],36.42µm
u_parser.u_packet_encoder.crc_latched\[2\],36.36µm
tag_raw\[26\],36.06µm
u_parser.u_decoder.ascii_buf\[3\]\[7\],36.06µm
_1262_,35.96µm
_1108_,35.68µm
tag_raw\[3\],35.36µm
u_parser.u_decoder.ascii_buf\[9\]\[0\],35.34µm
u_parser.u_decoder.index\[2\],35.245µm
_0827_,35.22µm
_0778_,35.14µm
u_parser.u_decoder.decoded_checksum_calc\[7\],35.13µm
_1413_,35.11µm
u_uart_rx.bit_index\[2\],35µm
_1075_,34.82µm
_0762_,34.78µm
u_parser.u_decoder.decoded_checksum_calc\[4\],34.78µm
_1011_,34.72µm
_1109_,34.7µm
u_parser.u_decoder.ascii_buf\[10\]\[2\],34.64µm
u_parser.u_packet_encoder.byte_index\[0\],34.59µm
clknet_leaf_30_clk,34.56µm
_0702_,34.55µm
u_parser.u_decoder.ascii_buf\[11\]\[0\],34.54µm
_0759_,34.46µm
_0763_,34.4µm
u_parser.u_packet_encoder.byte_index\[2\],34.24µm
net525,34.08µm
u_parser.u_decoder.ascii_buf\[5\]\[1\],34.06µm
u_parser.u_decoder.ascii_buf\[9\]\[1\],34.04µm
u_uart_rx.sample_div_count\[9\],33.825µm
_0710_,33.8µm
u_parser.u_decoder.ascii_buf\[1\]\[2\],33.8µm
_1370_,33.78µm
u_uart_rx.low_count\[2\],33.76µm
tag_raw\[18\],33.7µm
_0705_,33.56µm
_1293_,33.56µm
_0698_,33.53µm
_1574_,33.38µm
_0782_,33.3µm
_0694_,33.26µm
_1480_,33.15µm
u_parser.u_packet_encoder.byte_index\[1\],32.89µm
u_parser.u_decoder.timeout_count\[6\],32.7µm
_1353_,32.5µm
_0695_,32.44µm
u_parser.u_decoder.ascii_buf\[3\]\[1\],32.36µm
_1154_,32.34µm
u_parser.u_decoder.decoded_checksum_calc\[1\],32.32µm
u_parser.u_packet_encoder.tag_latched\[1\],32.3µm
_1088_,32.2µm
u_parser.u_decoder.decoded_checksum_rx\[3\],32.1µm
u_parser.u_decoder.ascii_buf\[6\]\[2\],32.06µm
u_parser.u_decoder.timeout_count\[15\],32µm
tag_raw\[35\],31.98µm
u_parser.u_packet_encoder.crc_latched\[4\],31.96µm
_0834_,31.84µm
_1323_,31.7µm
_0719_,31.68µm
u_parser.u_decoder.ascii_buf\[0\]\[3\],31.65µm
_1102_,31.4µm
u_uart_rx.sample_div_count\[0\],31.36µm
_0791_,31.14µm
_1006_,31.13µm
clknet_leaf_20_clk,31.08µm
tag_raw\[30\],31.04µm
u_parser.u_decoder.ascii_buf\[5\]\[3\],30.96µm
u_parser.u_packet_encoder.tag_latched\[33\],30.925µm
_1282_,30.86µm
u_uart_rx.sample_div_count\[8\],30.7µm
u_parser.u_decoder.timeout_count\[11\],30.61µm
u_parser.u_decoder.ascii_buf\[11\]\[7\],30.46µm
tag_raw\[16\],30.44µm
_0758_,30.4µm
_1253_,30.36µm
u_tx_fifo.level\[0\],30.34µm
u_uart_rx.state\[2\],30.32µm
net110,30.27µm
u_rx_fifo.level\[2\],30.225µm
u_uart_rx.low_count\[5\],30.22µm
_1068_,30.02µm
u_uart_rx.sample_div_count\[7\],30µm
_1382_,29.86µm
u_parser.u_decoder.ascii_buf\[8\]\[3\],29.82µm
u_parser.u_decoder.ascii_buf\[1\]\[1\],29.605µm
_1442_,29.6µm
_1168_,29.54µm
u_parser.u_decoder.ascii_buf\[11\]\[3\],29.52µm
_1264_,29.5µm
_0984_,29.38µm
u_parser.u_decoder.ascii_buf\[6\]\[0\],29.365µm
_1546_,29.22µm
u_parser.u_decoder.ascii_buf\[6\]\[1\],29.22µm
_0850_,29.15µm
tag_raw\[38\],28.94µm
u_parser.u_decoder.ascii_buf\[4\]\[2\],28.94µm
_1483_,28.79µm
_1004_,28.74µm
u_parser.u_decoder.ascii_buf\[0\]\[5\],28.74µm
_1191_,28.72µm
net437,28.64µm
_1512_,28.54µm
_0803_,28.52µm
u_tx_fifo.wr_ptr\[1\],28.46µm
_0985_,28.43µm
_0670_,28.36µm
_1572_,28.32µm
tag_raw\[24\],28.32µm
u_parser.u_decoder.decoded_checksum_rx\[4\],28.32µm
_1257_,28.22µm
_1371_,28.22µm
_0661_,28.05µm
_1332_,28.02µm
_0664_,27.91µm
_1080_,27.82µm
u_uart_rx.sample_div_count\[2\],27.81µm
net475,27.77µm
u_uart_tx.bit_index\[1\],27.64µm
u_parser.u_packet_encoder.tag_latched\[12\],27.58µm
u_parser.u_decoder.ascii_buf\[4\]\[3\],27.56µm
_0703_,27.52µm
u_parser.u_decoder.timeout_count\[3\],27.485µm
u_uart_rx.sample_div_count\[13\],27.38µm
_1439_,27.36µm
_0697_,27.27µm
u_uart_rx.low_count\[15\],27.2µm
u_parser.u_decoder.ascii_buf\[5\]\[7\],27.14µm
u_rx_fifo.wr_ptr\[1\],27.08µm
tag_raw\[32\],26.98µm
u_uart_rx.sample_phase\[3\],26.9µm
_1472_,26.8µm
u_parser.u_decoder.ascii_buf\[3\]\[5\],26.78µm
_0720_,26.76µm
u_parser.u_decoder.ascii_buf\[6\]\[3\],26.72µm
_1367_,26.68µm
tag_raw\[28\],26.6µm
_1117_,26.54µm
_0008_,26.52µm
u_parser.u_decoder.ascii_buf\[10\]\[7\],26.5µm
u_parser.u_decoder.ascii_buf\[7\]\[6\],26.48µm
u_parser.u_decoder.ascii_buf\[9\]\[4\],26.46µm
_0787_,26.35µm
_1184_,26.32µm
u_parser.u_decoder.timeout_count\[9\],26.22µm
u_uart_rx.low_count\[4\],26.18µm
_0961_,26.14µm
_1026_,26.12µm
u_parser.u_decoder.ascii_buf\[7\]\[3\],26.05µm
_0852_,25.88µm
_0725_,25.8µm
u_parser.u_decoder.ascii_buf\[5\]\[0\],25.8µm
_0891_,25.78µm
_0709_,25.765µm
_1100_,25.76µm
_1534_,25.73µm
u_rx_fifo.mem\[1\]\[6\],25.7µm
u_rx_fifo.wr_ptr\[0\],25.7µm
u_parser.u_decoder.ascii_buf\[3\]\[6\],25.69µm
net506,25.64µm
_1456_,25.56µm
_1025_,25.48µm
_1283_,25.44µm
_0818_,25.43µm
_1450_,25.4µm
_1485_,25.38µm
_1296_,25.34µm
u_uart_rx.sample_phase\[2\],25.26µm
_1051_,25.2µm
u_uart_rx.state\[3\],25.19µm
_1278_,25.18µm
_0784_,25.16µm
_1095_,25.12µm
net501,25.12µm
_1536_,25.08µm
u_tx_fifo.mem\[14\]\[5\],25.07µm
_1317_,25.06µm
_1522_,25.06µm
_1554_,25.05µm
u_parser.u_decoder.ascii_buf\[10\]\[1\],25.04µm
_1055_,25µm
u_parser.u_decoder.ascii_buf\[0\]\[0\],24.9µm
u_tx_fifo.mem\[10\]\[5\],24.845µm
u_uart_rx.sample_phase\[1\],24.8µm
u_uart_rx.sample_phase\[0\],24.66µm
_0755_,24.6µm
_1239_,24.59µm
_1335_,24.56µm
u_tx_fifo.wr_ptr\[0\],24.56µm
_1022_,24.49µm
u_parser.u_decoder.ascii_buf\[4\]\[1\],24.48µm
u_parser.u_decoder.ascii_buf\[4\]\[4\],24.46µm
u_uart_rx.sample_div_count\[5\],24.42µm
u_rx_fifo.rd_ptr\[2\],24.34µm
u_uart_tx.state\[0\],24.32µm
_1145_,24.3µm
u_parser.u_decoder.ascii_buf\[8\]\[0\],24.265µm
_1499_,24.1µm
u_parser.u_packet_encoder.crc_latched\[1\],24.06µm
u_uart_rx.low_count\[3\],24µm
u_tx_fifo.mem\[7\]\[2\],23.98µm
u_parser.u_decoder.ascii_buf\[11\]\[1\],23.96µm
u_parser.u_decoder.timeout_count\[7\],23.94µm
_0970_,23.855µm
_1174_,23.76µm
u_parser.u_decoder.ascii_buf\[5\]\[2\],23.76µm
u_uart_rx.low_count\[9\],23.74µm
u_uart_rx.sample_div_count\[11\],23.74µm
tag_raw\[33\],23.68µm
tag_raw\[36\],23.635µm
_1496_,23.62µm
_0871_,23.56µm
_1076_,23.52µm
u_tx_fifo.mem\[14\]\[2\],23.485µm
_0969_,23.38µm
_1128_,23.38µm
net483,23.37µm
_0994_,23.34µm
u_parser.u_decoder.ascii_buf\[8\]\[2\],23.34µm
net5,23.3µm
_1349_,23.2µm
u_parser.u_decoder.decoded_checksum_rx\[0\],23.185µm
_1469_,23.18µm
u_parser.u_decoder.ascii_buf\[0\]\[4\],23.16µm
_1048_,23.08µm
_0977_,23.06µm
_1575_,23.02µm
u_parser.u_decoder.decoded_checksum_rx\[5\],22.985µm
u_rx_fifo.level\[1\],22.88µm
_0802_,22.87µm
_0806_,22.8µm
u_parser.u_decoder.decoded_checksum_rx\[1\],22.8µm
u_tx_fifo.mem\[4\]\[3\],22.78µm
_1124_,22.62µm
u_parser.u_decoder.ascii_buf\[9\]\[2\],22.59µm
_0772_,22.54µm
_0968_,22.54µm
u_uart_tx.clk_count\[7\],22.52µm
_0728_,22.5µm
u_parser.u_packet_encoder.tag_latched\[21\],22.5µm
u_uart_rx.sample_div_count\[6\],22.46µm
u_tx_fifo.mem\[9\]\[0\],22.44µm
u_parser.u_decoder.ascii_buf\[3\]\[2\],22.42µm
_1018_,22.38µm
rx_fifo_in_data\[5\],22.38µm
_1092_,22.36µm
u_rx_fifo.level\[0\],22.36µm
u_parser.u_packet_encoder.tag_latched\[7\],22.3µm
u_parser.u_decoder.ascii_buf\[9\]\[6\],22.26µm
_1406_,22.24µm
_0833_,22.2µm
u_parser.u_decoder.ascii_buf\[11\]\[6\],22.11µm
u_parser.u_decoder.ascii_buf\[4\]\[0\],22.04µm
u_uart_rx.low_count\[6\],22µm
_0735_,21.98µm
_0808_,21.96µm
_0916_,21.92µm
u_uart_rx.low_count\[10\],21.92µm
u_parser.u_decoder.ascii_buf\[10\]\[0\],21.88µm
u_parser.u_decoder.timeout_count\[4\],21.85µm
u_parser.u_decoder.ascii_buf\[2\]\[0\],21.8µm
u_parser.u_packet_encoder.tag_latched\[3\],21.8µm
u_parser.u_decoder.ascii_buf\[10\]\[6\],21.78µm
_1101_,21.76µm
_0910_,21.74µm
u_uart_tx.state\[1\],21.7µm
u_parser.u_decoder.decoded_checksum_calc\[0\],21.655µm
u_tx_fifo.mem\[6\]\[2\],21.645µm
net492,21.64µm
u_parser.u_decoder.ascii_buf\[7\]\[5\],21.62µm
u_parser.u_decoder.timeout_count\[16\],21.6µm
_0696_,21.42µm
net547,21.38µm
_1032_,21.34µm
_1103_,21.34µm
u_rx_fifo.level\[4\],21.3µm
_0761_,21.28µm
u_rx_fifo.mem\[14\]\[0\],21.265µm
_0971_,21.26µm
_1147_,21.24µm
u_parser.u_decoder.ascii_buf\[5\]\[4\],21.24µm
_1383_,21.2µm
_1538_,21.18µm
_0855_,21.12µm
_1415_,21.1µm
u_uart_rx.low_count\[0\],21.1µm
net489,21.1µm
u_tx_fifo.mem\[7\]\[3\],21.08µm
clknet_leaf_47_clk,21.08µm
u_rx_fifo.mem\[6\]\[6\],21.07µm
u_parser.u_decoder.ascii_buf\[9\]\[7\],21µm
u_uart_rx.low_count\[8\],21µm
u_tx_fifo.mem\[3\]\[5\],20.87µm
u_tx_fifo.level\[1\],20.86µm
u_rx_fifo.mem\[8\]\[3\],20.84µm
_1514_,20.78µm
u_parser.u_packet_encoder.crc_latched\[7\],20.78µm
_0712_,20.68µm
u_parser.u_decoder.ascii_buf\[0\]\[1\],20.68µm
_0732_,20.66µm
u_parser.u_packet_encoder.crc_latched\[3\],20.66µm
u_parser.u_decoder.ascii_buf\[8\]\[4\],20.62µm
_1189_,20.6µm
_0796_,20.58µm
_1181_,20.48µm
_1458_,20.48µm
u_parser.u_decoder.timeout_count\[14\],20.46µm
u_tx_fifo.mem\[7\]\[1\],20.46µm
_0812_,20.4µm
_1520_,20.36µm
_1391_,20.3µm
u_parser.u_decoder.ascii_buf\[4\]\[6\],20.26µm
_1163_,20.205µm
u_rx_fifo.mem\[5\]\[5\],20.2µm
u_rx_fifo.mem\[9\]\[0\],20.2µm
_1402_,20.18µm
_1547_,20.16µm
u_parser.u_decoder.ascii_buf\[10\]\[3\],20.14µm
net426,20.12µm
_0774_,20.1µm
_1083_,20.1µm
_1084_,20.1µm
_0895_,19.96µm
u_tx_fifo.mem\[10\]\[6\],19.945µm
u_tx_fifo.mem\[6\]\[1\],19.93µm
u_parser.u_decoder.ascii_buf\[0\]\[7\],19.9µm
u_parser.u_packet_encoder.tag_latched\[18\],19.9µm
_1565_,19.78µm
u_parser.u_decoder.ascii_buf\[1\]\[0\],19.76µm
u_parser.u_decoder.ascii_buf\[8\]\[6\],19.76µm
u_rx_fifo.mem\[0\]\[3\],19.74µm
u_rx_fifo.mem\[3\]\[4\],19.68µm
u_parser.u_decoder.ascii_buf\[1\]\[4\],19.62µm
u_parser.u_decoder.decoded_checksum_rx\[6\],19.62µm
u_parser.u_decoder.ascii_buf\[8\]\[1\],19.61µm
u_rx_fifo.mem\[10\]\[0\],19.55µm
_1310_,19.54µm
u_parser.u_decoder.ascii_buf\[9\]\[5\],19.5µm
u_parser.u_decoder.timeout_count\[13\],19.5µm
u_tx_fifo.mem\[7\]\[4\],19.48µm
_0829_,19.46µm
_0754_,19.42µm
_1322_,19.36µm
u_tx_fifo.mem\[1\]\[5\],19.32µm
u_uart_rx.low_count\[18\],19.3µm
u_rx_fifo.mem\[3\]\[6\],19.2µm
u_tx_fifo.mem\[10\]\[2\],19.165µm
u_rx_fifo.mem\[13\]\[3\],19.16µm
u_uart_tx.clk_count\[2\],19.16µm
u_tx_fifo.mem\[6\]\[7\],19.13µm
_1127_,19.12µm
_1245_,19.08µm
u_parser.u_decoder.timeout_count\[12\],19.08µm
u_parser.u_decoder.timeout_count\[1\],19.06µm
u_uart_rx.low_count\[12\],19.04µm
u_parser.u_decoder.ascii_buf\[7\]\[4\],19.03µm
_1540_,19µm
u_uart_rx.state\[0\],18.98µm
u_parser.u_decoder.ascii_buf\[11\]\[2\],18.96µm
u_parser.u_packet_encoder.tag_latched\[28\],18.96µm
u_parser.u_packet_encoder.tag_latched\[39\],18.94µm
_1486_,18.92µm
u_parser.u_decoder.decoded_checksum_rx\[2\],18.9µm
u_tx_fifo.mem\[13\]\[0\],18.88µm
u_uart_rx.low_count\[19\],18.88µm
u_tx_fifo.mem\[10\]\[1\],18.865µm
_1047_,18.84µm
_1023_,18.82µm
u_rx_fifo.mem\[9\]\[4\],18.82µm
_1528_,18.79µm
_1009_,18.78µm
u_rx_fifo.mem\[0\]\[7\],18.76µm
_0998_,18.74µm
u_parser.u_packet_encoder.crc_latched\[0\],18.74µm
u_tx_fifo.level\[4\],18.74µm
u_uart_rx.bit_index\[0\],18.66µm
_1419_,18.64µm
u_parser.u_decoder.timeout_count\[0\],18.64µm
u_parser.u_decoder.ascii_buf\[5\]\[6\],18.58µm
rx_fifo_in_valid,18.56µm
u_uart_tx.clk_count\[6\],18.55µm
u_parser.u_decoder.ascii_buf\[10\]\[4\],18.54µm
_1489_,18.52µm
u_rx_fifo.mem\[1\]\[2\],18.5µm
u_rx_fifo.mem\[10\]\[4\],18.485µm
_0826_,18.48µm
_1532_,18.44µm
u_uart_rx.low_count\[1\],18.435µm
u_rx_fifo.mem\[3\]\[0\],18.4µm
u_rx_fifo.mem\[4\]\[5\],18.4µm
u_rx_fifo.mem\[4\]\[7\],18.4µm
u_rx_fifo.mem\[8\]\[4\],18.4µm
u_uart_rx.low_count\[11\],18.4µm
_0785_,18.38µm
u_tx_fifo.mem\[15\]\[0\],18.36µm
u_rx_fifo.mem\[7\]\[6\],18.28µm
_1561_,18.22µm
net417,18.22µm
u_parser.u_decoder.ascii_buf\[2\]\[7\],18.17µm
_1265_,18.16µm
_1541_,18.16µm
u_rx_fifo.mem\[10\]\[6\],18.125µm
_1352_,18.1µm
_1429_,18.1µm
u_rx_fifo.mem\[12\]\[2\],18.08µm
u_rx_fifo.mem\[2\]\[1\],18.08µm
_0830_,18µm
_1057_,18µm
u_uart_tx.tx_data\[2\],17.985µm
_1112_,17.98µm
u_parser.u_decoder.ascii_buf\[11\]\[5\],17.94µm
u_rx_fifo.mem\[5\]\[7\],17.94µm
u_uart_rx.rx_shift\[5\],17.94µm
u_tx_fifo.mem\[5\]\[2\],17.92µm
_1531_,17.9µm
u_parser.u_packet_encoder.tag_latched\[24\],17.865µm
u_parser.u_decoder.ascii_buf\[0\]\[6\],17.86µm
clknet_leaf_51_clk,17.86µm
u_parser.u_decoder.ascii_buf\[6\]\[5\],17.82µm
u_rx_fifo.mem\[5\]\[1\],17.8µm
u_uart_tx.clk_count\[9\],17.8µm
_0831_,17.76µm
_0858_,17.76µm
u_uart_tx.clk_count\[11\],17.76µm
u_rx_fifo.mem\[6\]\[3\],17.745µm
_0935_,17.74µm
u_parser.u_packet_encoder.tag_latched\[2\],17.72µm
_0686_,17.68µm
u_tx_fifo.mem\[14\]\[6\],17.645µm
u_rx_fifo.mem\[3\]\[3\],17.58µm
_1551_,17.54µm
u_tx_fifo.mem\[1\]\[0\],17.52µm
u_uart_rx.low_count\[7\],17.52µm
_1258_,17.5µm
tag_raw\[29\],17.48µm
_1003_,17.46µm
_1299_,17.46µm
_1493_,17.46µm
net496,17.46µm
net378,17.42µm
u_parser.u_decoder.decoded_checksum_calc\[3\],17.4µm
u_uart_tx.clk_count\[1\],17.4µm
u_parser.u_packet_encoder.tag_latched\[26\],17.365µm
_0323_,17.36µm
_1567_,17.36µm
u_tx_fifo.mem\[1\]\[2\],17.36µm
u_tx_fifo.mem\[11\]\[6\],17.34µm
_1475_,17.32µm
u_tx_fifo.level\[3\],17.32µm
u_tx_fifo.mem\[5\]\[1\],17.3µm
u_parser.u_packet_encoder.crc_latched\[6\],17.28µm
u_uart_rx.low_count\[17\],17.22µm
_0209_,17.2µm
_1043_,17.2µm
_1416_,17.2µm
_0688_,17.18µm
u_parser.u_decoder.ascii_buf\[2\]\[4\],17.18µm
u_parser.u_decoder.decoded_checksum_calc\[6\],17.18µm
u_uart_rx.sample_phase\[4\],17.16µm
net415,17.16µm
_1250_,17.14µm
_1280_,17.12µm
u_rx_fifo.mem\[6\]\[1\],17.105µm
net465,17.1µm
u_uart_tx.clk_count\[0\],17.08µm
u_parser.u_decoder.ascii_buf\[8\]\[7\],17.04µm
_1274_,17.02µm
u_tx_fifo.mem\[9\]\[6\],17.02µm
_1380_,17µm
_1487_,17µm
u_uart_rx.sample_div_count\[1\],17µm
_0666_,16.98µm
_0684_,16.98µm
_1156_,16.98µm
u_tx_fifo.mem\[4\]\[1\],16.98µm
u_tx_fifo.mem\[8\]\[5\],16.92µm
u_tx_fifo.mem\[9\]\[1\],16.92µm
u_tx_fifo.mem\[9\]\[5\],16.92µm
u_uart_tx.clk_count\[5\],16.9µm
_1228_,16.88µm
_1141_,16.8µm
u_rx_fifo.mem\[10\]\[7\],16.79µm
u_rx_fifo.mem\[10\]\[3\],16.765µm
_1015_,16.72µm
_0522_,16.68µm
_1061_,16.64µm
_0879_,16.6µm
_1199_,16.58µm
u_rx_fifo.mem\[11\]\[3\],16.56µm
u_tx_fifo.mem\[15\]\[4\],16.56µm
_1316_,16.54µm
u_parser.u_decoder.ascii_buf\[3\]\[4\],16.54µm
net470,16.54µm
u_tx_fifo.mem\[2\]\[7\],16.525µm
_0757_,16.5µm
_0838_,16.48µm
net237,16.42µm
u_parser.u_decoder.ascii_buf\[1\]\[5\],16.36µm
net486,16.3µm
u_parser.u_decoder.ascii_buf\[2\]\[6\],16.28µm
u_rx_fifo.mem\[1\]\[1\],16.28µm
_0024_,16.265µm
_0001_,16.24µm
u_parser.u_decoder.ascii_buf\[11\]\[4\],16.24µm
_0242_,16.225µm
_1071_,16.22µm
u_tx_fifo.mem\[2\]\[1\],16.205µm
u_rx_fifo.mem\[2\]\[2\],16.185µm
_1224_,16.18µm
_1268_,16.18µm
_1446_,16.18µm
net439,16.18µm
u_tx_fifo.mem\[14\]\[7\],16.165µm
_1476_,16.16µm
u_parser.u_packet_encoder.tag_latched\[25\],16.16µm
u_rx_fifo.level\[3\],16.16µm
net420,16.16µm
_1065_,16.12µm
_1315_,16.12µm
net444,16.12µm
_0965_,16.1µm
u_rx_fifo.mem\[4\]\[4\],16.1µm
u_tx_fifo.mem\[4\]\[0\],16.1µm
net257,16.08µm
u_rx_fifo.mem\[14\]\[4\],16.065µm
_1256_,16.06µm
u_parser.u_packet_encoder.tag_latched\[16\],16.06µm
_0663_,16µm
_1338_,16µm
u_uart_tx.clk_count\[4\],16µm
net471,15.98µm
_1552_,15.9µm
u_parser.u_decoder.decoded_payload\[32\],15.9µm
u_parser.u_packet_encoder.tag_latched\[30\],15.88µm
parser_tx_valid,15.86µm
_0877_,15.84µm
u_tx_fifo.mem\[15\]\[5\],15.78µm
u_uart_tx.tx_data\[6\],15.765µm
_0243_,15.725µm
_0721_,15.7µm
_1318_,15.7µm
u_uart_rx.sample_div_count\[10\],15.68µm
u_tx_fifo.mem\[3\]\[4\],15.66µm
u_rx_fifo.mem\[2\]\[0\],15.645µm
_0683_,15.62µm
_1272_,15.62µm
_1460_,15.61µm
u_rx_fifo.mem\[10\]\[2\],15.61µm
_0903_,15.6µm
u_rx_fifo.mem\[1\]\[0\],15.6µm
_0687_,15.58µm
_1062_,15.58µm
u_parser.u_decoder.timeout_count\[5\],15.56µm
net329,15.56µm
u_rx_fifo.mem\[14\]\[3\],15.545µm
_0739_,15.54µm
u_rx_fifo.mem\[11\]\[6\],15.54µm
net241,15.54µm
_1243_,15.52µm
_1425_,15.52µm
u_parser.u_decoder.state\[2\],15.52µm
u_rx_fifo.mem\[4\]\[0\],15.52µm
u_tx_fifo.mem\[0\]\[7\],15.52µm
_1452_,15.51µm
_1465_,15.5µm
u_tx_fifo.mem\[10\]\[3\],15.465µm
net2,15.45µm
u_rx_fifo.mem\[9\]\[6\],15.42µm
u_uart_rx.sample_div_count\[4\],15.41µm
u_tx_fifo.mem\[14\]\[3\],15.405µm
_1431_,15.4µm
u_uart_rx.low_count\[14\],15.4µm
_0708_,15.36µm
_1398_,15.34µm
_1445_,15.34µm
_1153_,15.32µm
u_rx_fifo.mem\[8\]\[5\],15.32µm
u_rx_fifo.mem\[2\]\[4\],15.305µm
u_tx_fifo.mem\[14\]\[1\],15.305µm
net419,15.3µm
u_tx_fifo.mem\[10\]\[7\],15.29µm
_0873_,15.28µm
u_rx_fifo.mem\[7\]\[2\],15.28µm
u_rx_fifo.mem\[0\]\[2\],15.22µm
u_tx_fifo.mem\[5\]\[6\],15.22µm
u_tx_fifo.mem\[12\]\[1\],15.21µm
_1530_,15.2µm
u_tx_fifo.mem\[3\]\[0\],15.18µm
net468,15.16µm
_0841_,15.14µm
_1014_,15.14µm
_1017_,15.14µm
u_parser.u_decoder.ascii_buf\[6\]\[7\],15.12µm
u_tx_fifo.mem\[6\]\[4\],15.105µm
_1314_,15.1µm
_1474_,15.1µm
u_uart_tx.tx_data\[5\],15.1µm
_0773_,15.08µm
_1333_,15.08µm
u_tx_fifo.mem\[12\]\[7\],15.06µm
u_tx_fifo.mem\[1\]\[7\],15.06µm
_1227_,15µm
u_uart_tx.tx_data\[4\],15µm
_1072_,14.96µm
_1214_,14.96µm
u_uart_rx.sample_div_count\[3\],14.96µm
u_tx_fifo.mem\[14\]\[4\],14.95µm
_1210_,14.92µm
_1289_,14.9µm
_1508_,14.9µm
_1308_,14.88µm
_1461_,14.88µm
u_parser.u_decoder.ascii_buf\[0\]\[2\],14.86µm
_0678_,14.84µm
_1543_,14.84µm
u_rx_fifo.mem\[11\]\[5\],14.84µm
net181,14.82µm
_0679_,14.81µm
_1397_,14.78µm
_0519_,14.765µm
u_tx_fifo.mem\[13\]\[6\],14.76µm
u_tx_fifo.mem\[15\]\[1\],14.76µm
_0595_,14.745µm
_1192_,14.74µm
_1327_,14.72µm
u_rx_fifo.mem\[5\]\[3\],14.7µm
u_uart_tx.tx_data\[1\],14.68µm
u_rx_fifo.mem\[8\]\[7\],14.66µm
net459,14.64µm
net456,14.62µm
_1034_,14.6µm
_1571_,14.6µm
u_uart_rx.sample_div_count\[12\],14.6µm
u_rx_fifo.mem\[3\]\[7\],14.56µm
_0912_,14.54µm
u_rx_fifo.mem\[2\]\[3\],14.53µm
u_parser.u_packet_encoder.tag_latched\[10\],14.52µm
u_tx_fifo.mem\[13\]\[1\],14.52µm
_1212_,14.5µm
u_parser.u_decoder.timeout_count\[2\],14.5µm
u_rx_fifo.mem\[15\]\[4\],14.5µm
_1097_,14.48µm
u_parser.u_decoder.ascii_buf\[8\]\[5\],14.48µm
_1024_,14.46µm
_1193_,14.44µm
_0689_,14.42µm
u_tx_fifo.mem\[6\]\[0\],14.385µm
u_tx_fifo.mem\[7\]\[7\],14.36µm
_0798_,14.35µm
_0820_,14.34µm
_1194_,14.34µm
net500,14.34µm
u_rx_fifo.mem\[12\]\[6\],14.31µm
_1432_,14.3µm
u_rx_fifo.mem\[12\]\[3\],14.3µm
u_rx_fifo.mem\[9\]\[3\],14.3µm
_1195_,14.28µm
u_rx_fifo.mem\[6\]\[4\],14.265µm
_0665_,14.26µm
u_uart_rx.sample_div_count\[14\],14.26µm
u_uart_tx.tx_data\[0\],14.26µm
_1031_,14.24µm
u_tx_fifo.mem\[8\]\[2\],14.2µm
_0004_,14.16µm
u_rx_fifo.mem\[10\]\[5\],14.145µm
u_rx_fifo.mem\[11\]\[2\],14.14µm
u_tx_fifo.mem\[1\]\[6\],14.14µm
net476,14.14µm
u_uart_rx.sample_div_count\[15\],14.1µm
u_uart_tx.clk_count\[12\],14.1µm
u_parser.u_packet_encoder.tag_latched\[31\],14.085µm
_1164_,14.08µm
_0574_,14.045µm
_0693_,14.02µm
u_rx_fifo.mem\[3\]\[2\],14µm
net398,13.96µm
_0700_,13.94µm
_1492_,13.94µm
_0706_,13.92µm
u_rx_fifo.mem\[14\]\[1\],13.91µm
_0219_,13.9µm
_0028_,13.885µm
u_tx_fifo.mem\[12\]\[2\],13.88µm
_0713_,13.86µm
_0269_,13.845µm
_0824_,13.84µm
_0832_,13.84µm
_1482_,13.84µm
_1417_,13.82µm
net198,13.82µm
u_parser.u_decoder.ascii_buf\[6\]\[4\],13.8µm
u_rx_fifo.mem\[7\]\[0\],13.8µm
u_tx_fifo.mem\[3\]\[6\],13.8µm
u_tx_fifo.mem\[4\]\[7\],13.8µm
u_tx_fifo.mem\[0\]\[0\],13.78µm
_1238_,13.76µm
net226,13.74µm
u_parser.u_packet_encoder.tag_latched\[17\],13.68µm
_1223_,13.66µm
_1285_,13.64µm
u_parser.u_decoder.state\[0\],13.63µm
u_parser.u_decoder.decoded_payload\[12\],13.62µm
_1201_,13.58µm
u_parser.u_decoder.ascii_buf\[5\]\[5\],13.56µm
_0731_,13.54µm
_0817_,13.54µm
u_tx_fifo.mem\[6\]\[3\],13.53µm
u_uart_rx.rx_shift\[6\],13.5µm
net396,13.5µm
_0215_,13.44µm
_0457_,13.42µm
u_parser.u_packet_encoder.tag_latched\[11\],13.42µm
net488,13.42µm
_0975_,13.4µm
_1042_,13.4µm
net382,13.4µm
u_parser.u_decoder.timeout_count\[10\],13.38µm
u_tx_fifo.mem\[13\]\[4\],13.38µm
u_tx_fifo.mem\[3\]\[2\],13.38µm
u_uart_rx.low_count\[13\],13.38µm
net480,13.38µm
_1255_,13.36µm
u_rx_fifo.mem\[15\]\[1\],13.36µm
u_rx_fifo.mem\[6\]\[7\],13.345µm
u_rx_fifo.mem\[5\]\[2\],13.34µm
u_tx_fifo.mem\[11\]\[0\],13.34µm
u_tx_fifo.mem\[11\]\[2\],13.34µm
u_tx_fifo.mem\[5\]\[3\],13.34µm
_0749_,13.32µm
_1172_,13.32µm
_0974_,13.3µm
u_rx_fifo.mem\[0\]\[6\],13.3µm
net474,13.28µm
_1562_,13.24µm
u_parser.u_decoder.decoded_payload\[30\],13.22µm
u_tx_fifo.mem\[5\]\[0\],13.22µm
u_parser.u_decoder.decoded_checksum_rx\[7\],13.195µm
u_tx_fifo.mem\[10\]\[4\],13.145µm
_0500_,13.125µm
u_parser.u_decoder.ascii_buf\[2\]\[5\],13.12µm
net477,13.12µm
u_rx_fifo.mem\[14\]\[2\],13.11µm
u_uart_tx.tx_data\[3\],13.1µm
_0839_,13.08µm
_1484_,13.08µm
u_rx_fifo.mem\[5\]\[4\],13.08µm
u_rx_fifo.mem\[8\]\[0\],13.08µm
net421,13.08µm
u_rx_fifo.mem\[14\]\[6\],13.07µm
_0942_,13.04µm
u_tx_fifo.mem\[9\]\[3\],13.04µm
net418,13.04µm
_1139_,13.02µm
_1297_,13.02µm
u_tx_fifo.mem\[5\]\[4\],13µm
u_uart_rx.low_count\[23\],12.98µm
u_uart_tx.bit_index\[2\],12.98µm
_1301_,12.96µm
u_parser.u_packet_encoder.tag_latched\[38\],12.96µm
u_rx_fifo.mem\[3\]\[5\],12.96µm
_0504_,12.955µm
u_rx_fifo.mem\[6\]\[0\],12.925µm
_0704_,12.92µm
_1007_,12.92µm
u_tx_fifo.mem\[5\]\[7\],12.92µm
_1454_,12.9µm
_1077_,12.88µm
_1160_,12.88µm
u_rx_fifo.mem\[3\]\[1\],12.88µm
_0190_,12.86µm
net253,12.86µm
u_rx_fifo.mem\[12\]\[0\],12.82µm
net394,12.82µm
u_parser.u_packet_encoder.tag_latched\[34\],12.8µm
u_tx_fifo.mem\[15\]\[2\],12.8µm
_0455_,12.76µm
_1584_,12.76µm
_0928_,12.74µm
net293,12.74µm
_0616_,12.7µm
u_parser.u_decoder.decoded_payload\[6\],12.66µm
u_tx_fifo.mem\[11\]\[1\],12.66µm
u_tx_fifo.mem\[2\]\[3\],12.65µm
_0929_,12.62µm
_0587_,12.605µm
u_parser.u_decoder.ascii_buf\[7\]\[7\],12.6µm
u_rx_fifo.mem\[6\]\[5\],12.585µm
_0526_,12.58µm
_0939_,12.58µm
u_parser.u_decoder.decoded_payload\[7\],12.58µm
net605,12.58µm
_0887_,12.56µm
_1582_,12.56µm
u_rx_fifo.mem\[10\]\[1\],12.545µm
net365,12.54µm
u_tx_fifo.level\[2\],12.52µm
u_uart_rx.rx_shift\[0\],12.52µm
net373,12.52µm
_1063_,12.51µm
_1399_,12.46µm
u_rx_fifo.mem\[13\]\[2\],12.46µm
u_rx_fifo.mem\[7\]\[4\],12.46µm
u_tx_fifo.mem\[13\]\[3\],12.46µm
u_tx_fifo.mem\[9\]\[2\],12.46µm
_0059_,12.425µm
_0063_,12.425µm
_0699_,12.42µm
_0905_,12.42µm
_1249_,12.4µm
_1309_,12.38µm
u_parser.u_packet_encoder.tag_latched\[32\],12.38µm
u_tx_fifo.mem\[12\]\[4\],12.38µm
_0520_,12.36µm
u_parser.u_packet_encoder.tag_latched\[0\],12.36µm
_0866_,12.34µm
_1550_,12.34µm
u_uart_rx.rx_shift\[4\],12.34µm
_0344_,12.32µm
net350,12.32µm
u_rx_fifo.mem\[2\]\[7\],12.305µm
net498,12.3µm
u_uart_tx.clk_count\[8\],12.26µm
_0617_,12.24µm
_0583_,12.225µm
_0847_,12.22µm
_1267_,12.22µm
_1379_,12.22µm
_0788_,12.2µm
u_rx_fifo.mem\[13\]\[4\],12.2µm
_0658_,12.16µm
_1041_,12.16µm
_1119_,12.16µm
_1364_,12.16µm
_1421_,12.16µm
u_rx_fifo.mem\[0\]\[4\],12.16µm
u_rx_fifo.mem\[12\]\[4\],12.16µm
net598,12.16µm
_0459_,12.14µm
u_rx_fifo.mem\[6\]\[2\],12.125µm
_1281_,12.12µm
net454,12.12µm
u_tx_fifo.mem\[3\]\[3\],12.1µm
u_tx_fifo.mem\[2\]\[6\],12.085µm
_1298_,12.08µm
net495,12.06µm
_0499_,12.045µm
_1295_,12.04µm
net384,12.04µm
net519,12.04µm
u_rx_fifo.mem\[11\]\[0\],12µm
u_rx_fifo.mem\[7\]\[3\],12µm
u_tx_fifo.mem\[0\]\[4\],12µm
u_tx_fifo.mem\[7\]\[5\],12µm
net176,11.98µm
_0920_,11.96µm
u_rx_fifo.mem\[11\]\[7\],11.96µm
u_rx_fifo.mem\[4\]\[6\],11.96µm
u_tx_fifo.mem\[11\]\[7\],11.96µm
_0362_,11.945µm
_1384_,11.92µm
_1580_,11.92µm
u_uart_rx.rx_shift\[1\],11.92µm
net280,11.92µm
net387,11.9µm
_1225_,11.88µm
u_rx_fifo.mem\[7\]\[1\],11.84µm
u_tx_fifo.mem\[1\]\[1\],11.84µm
_0548_,11.82µm
_1151_,11.79µm
u_tx_fifo.mem\[2\]\[4\],11.77µm
u_tx_fifo.mem\[6\]\[5\],11.77µm
_1331_,11.76µm
_1035_,11.74µm
_1495_,11.74µm
u_rx_fifo.mem\[4\]\[1\],11.74µm
u_tx_fifo.mem\[0\]\[6\],11.72µm
_1470_,11.7µm
_1526_,11.7µm
u_parser.u_packet_encoder.tag_latched\[19\],11.7µm
net551,11.7µm
u_rx_fifo.mem\[2\]\[5\],11.665µm
u_parser.u_packet_encoder.tag_latched\[8\],11.66µm
net653,11.66µm
_0515_,11.625µm
_0516_,11.625µm
u_tx_fifo.mem\[10\]\[0\],11.625µm
_1394_,11.62µm
u_rx_fifo.mem\[13\]\[0\],11.62µm
u_tx_fifo.mem\[4\]\[2\],11.62µm
u_parser.u_packet_encoder.tag_latched\[15\],11.54µm
u_rx_fifo.mem\[15\]\[2\],11.54µm
u_rx_fifo.mem\[9\]\[5\],11.54µm
_1069_,11.52µm
u_rx_fifo.mem\[11\]\[1\],11.5µm
u_tx_fifo.mem\[12\]\[3\],11.5µm
u_tx_fifo.mem\[8\]\[0\],11.5µm
_0147_,11.485µm
net252,11.48µm
net391,11.48µm
_1343_,11.46µm
net381,11.44µm
_1313_,11.42µm
u_parser.u_decoder.ascii_buf\[1\]\[6\],11.4µm
net436,11.4µm
_1054_,11.38µm
_1544_,11.38µm
u_rx_fifo.mem\[8\]\[1\],11.38µm
net466,11.38µm
net230,11.36µm
net405,11.36µm
_1569_,11.34µm
net250,11.32µm
_0266_,11.285µm
_0493_,11.285µm
_0836_,11.28µm
u_tx_fifo.mem\[11\]\[3\],11.28µm
net339,11.28µm
_0086_,11.265µm
_1209_,11.26µm
_0072_,11.245µm
_0511_,11.245µm
_0582_,11.245µm
_1216_,11.24µm
_0972_,11.22µm
_0075_,11.205µm
_1196_,11.2µm
net445,11.2µm
u_parser.u_decoder.timeout_count\[17\],11.18µm
u_parser.u_packet_encoder.tag_latched\[4\],11.18µm
_0983_,11.16µm
_1294_,11.16µm
u_parser.u_decoder.ascii_buf\[6\]\[6\],11.16µm
net327,11.16µm
_0776_,11.14µm
_1033_,11.14µm
_1188_,11.14µm
u_tx_fifo.mem\[2\]\[5\],11.135µm
_0799_,11.12µm
_1136_,11.12µm
u_uart_tx.tx_data\[7\],11.12µm
_1400_,11.1µm
net279,11.1µm
net430,11.1µm
_0223_,11.08µm
u_tx_fifo.mem\[0\]\[5\],11.08µm
u_tx_fifo.mem\[12\]\[5\],11.08µm
_1448_,11.04µm
u_rx_fifo.mem\[15\]\[5\],11.04µm
_0514_,11.02µm
_1158_,11µm
_1568_,10.98µm
_0091_,10.965µm
_0131_,10.965µm
_1177_,10.96µm
u_rx_fifo.mem\[15\]\[3\],10.96µm
_0586_,10.945µm
_0487_,10.94µm
_1287_,10.94µm
_0476_,10.92µm
_1037_,10.92µm
_0055_,10.905µm
u_tx_fifo.mem\[2\]\[2\],10.905µm
_1549_,10.9µm
_0822_,10.88µm
_1444_,10.88µm
_0233_,10.86µm
_0973_,10.86µm
_1259_,10.86µm
_1498_,10.86µm
u_rx_fifo.mem\[15\]\[6\],10.86µm
u_tx_fifo.mem\[7\]\[6\],10.86µm
_1302_,10.84µm
_0051_,10.825µm
_0426_,10.82µm
_0835_,10.82µm
u_tx_fifo.mem\[6\]\[6\],10.81µm
net446,10.8µm
_0255_,10.785µm
_1226_,10.78µm
_1435_,10.78µm
net599,10.78µm
_0862_,10.74µm
_1261_,10.74µm
_1266_,10.74µm
net453,10.74µm
_0869_,10.7µm
_0918_,10.7µm
_1133_,10.68µm
_0741_,10.66µm
_0029_,10.645µm
net458,10.64µm
u_rx_sync.sync_ff1,10.63µm
_0575_,10.625µm
_0317_,10.62µm
_0815_,10.6µm
_0893_,10.58µm
u_rx_fifo.mem\[8\]\[2\],10.58µm
u_rx_fifo.mem\[9\]\[2\],10.58µm
u_tx_fifo.mem\[7\]\[0\],10.58µm
_0053_,10.565µm
_0107_,10.565µm
_0146_,10.565µm
net335,10.56µm
net411,10.56µm
net424,10.56µm
_1171_,10.54µm
_1545_,10.54µm
_0049_,10.525µm
_1038_,10.52µm
u_rx_fifo.mem\[8\]\[6\],10.52µm
u_tx_fifo.mem\[11\]\[5\],10.5µm
net366,10.5µm
_0503_,10.485µm
u_tx_fifo.mem\[0\]\[2\],10.48µm
u_parser.u_packet_encoder.tag_latched\[29\],10.465µm
_0549_,10.46µm
u_parser.u_decoder.decoded_checksum_calc\[5\],10.425µm
_0372_,10.42µm
_0295_,10.4µm
_0680_,10.4µm
_0823_,10.4µm
_1053_,10.4µm
_1357_,10.4µm
_1387_,10.4µm
_1392_,10.4µm
u_parser.u_decoder.decoded_payload\[34\],10.4µm
u_tx_fifo.mem\[15\]\[6\],10.4µm
_1190_,10.38µm
_0531_,10.36µm
u_tx_fifo.mem\[0\]\[3\],10.36µm
u_tx_fifo.mem\[1\]\[4\],10.36µm
u_parser.u_decoder.ascii_buf\[4\]\[5\],10.34µm
u_tx_fifo.mem\[13\]\[5\],10.34µm
_0199_,10.32µm
_0814_,10.32µm
_1339_,10.32µm
_1533_,10.32µm
net397,10.32µm
net497,10.32µm
u_parser.u_packet_encoder.tag_latched\[27\],10.3µm
_0315_,10.28µm
_1430_,10.28µm
net622,10.28µm
u_uart_tx.clk_count\[10\],10.26µm
net297,10.24µm
net341,10.24µm
_1443_,10.2µm
u_parser.u_packet_encoder.tag_latched\[36\],10.2µm
net557,10.2µm
u_parser.u_packet_encoder.tag_latched\[14\],10.16µm
u_tx_fifo.mem\[8\]\[6\],10.16µm
_1079_,10.14µm
net479,10.14µm
_0554_,10.12µm
u_rx_fifo.mem\[1\]\[4\],10.12µm
u_tx_fifo.mem\[12\]\[6\],10.12µm
u_tx_fifo.mem\[15\]\[3\],10.12µm
net527,10.12µm
_0729_,10.1µm
_0938_,10.1µm
net186,10.1µm
net248,10.1µm
net362,10.1µm
_1424_,10.08µm
_0071_,10.065µm
_0139_,10.065µm
_0596_,10.06µm
u_uart_rx.state\[4\],10.06µm
net576,10.04µm
net640,10.04µm
_0854_,10.01µm
_0492_,10µm
_0543_,10µm
_0976_,10µm
_1466_,9.98µm
_0843_,9.94µm
_1502_,9.94µm
net443,9.94µm
u_rx_fifo.mem\[12\]\[5\],9.92µm
u_tx_fifo.mem\[3\]\[1\],9.92µm
_0715_,9.9µm
u_tx_fifo.mem\[5\]\[5\],9.9µm
_0865_,9.88µm
uart_tx_o,9.88µm
_0064_,9.875µm
u_rx_fifo.mem\[14\]\[7\],9.83µm
_0094_,9.825µm
_0106_,9.825µm
u_tx_fifo.mem\[1\]\[3\],9.82µm
net46,9.82µm
_1566_,9.78µm
net222,9.78µm
net393,9.78µm
_1271_,9.74µm
u_rx_fifo.mem\[4\]\[2\],9.74µm
_0747_,9.72µm
net337,9.72µm
u_rx_fifo.mem\[1\]\[5\],9.7µm
u_rx_fifo.mem\[5\]\[0\],9.7µm
u_tx_fifo.mem\[12\]\[0\],9.7µm
u_tx_fifo.mem\[13\]\[2\],9.7µm
net449,9.68µm
_0996_,9.66µm
_1058_,9.66µm
_1395_,9.66µm
u_uart_tx.clk_count\[15\],9.66µm
_0140_,9.645µm
_0556_,9.64µm
_1527_,9.64µm
net354,9.64µm
_1211_,9.62µm
_0085_,9.585µm
_0089_,9.585µm
u_uart_rx.low_count\[16\],9.58µm
net425,9.54µm
_1081_,9.52µm
u_uart_rx.state\[1\],9.52µm
_0907_,9.5µm
_0607_,9.48µm
_0807_,9.48µm
_1001_,9.48µm
_1468_,9.48µm
net472,9.48µm
net654,9.48µm
u_tx_fifo.mem\[4\]\[6\],9.46µm
u_tx_fifo.mem\[9\]\[7\],9.46µm
_0730_,9.44µm
_0982_,9.44µm
u_rx_fifo.mem\[13\]\[1\],9.44µm
u_rx_fifo.mem\[1\]\[7\],9.44µm
u_uart_tx.clk_count\[14\],9.44µm
net215,9.44µm
net388,9.44µm
u_tx_fifo.mem\[14\]\[0\],9.43µm
net261,9.42µm
_1560_,9.4µm
net232,9.4µm
net616,9.4µm
_0073_,9.365µm
_0117_,9.365µm
u_tx_fifo.mem\[11\]\[4\],9.36µm
_1169_,9.34µm
_1229_,9.34µm
u_parser.u_decoder.decoded_payload\[8\],9.34µm
_0509_,9.325µm
_0748_,9.32µm
_1336_,9.32µm
_1187_,9.3µm
_0180_,9.295µm
_0048_,9.26µm
_1393_,9.26µm
_0890_,9.255µm
_1515_,9.24µm
u_rx_fifo.mem\[0\]\[0\],9.24µm
u_rx_fifo.mem\[15\]\[7\],9.24µm
u_rx_fifo.mem\[9\]\[7\],9.24µm
u_tx_fifo.mem\[13\]\[7\],9.24µm
_1378_,9.22µm
net245,9.22µm
net604,9.22µm
_0383_,9.18µm
net309,9.18µm
net367,9.18µm
_0792_,9.16µm
_1008_,9.16µm
u_parser.u_decoder.decoded_payload\[13\],9.16µm
_0593_,9.14µm
_0951_,9.12µm
_1573_,9.12µm
_0864_,9.1µm
_0237_,9.08µm
_0675_,9.08µm
_1111_,9.08µm
net224,9.08µm
_0161_,9.075µm
u_parser.u_decoder.decoded_payload\[19\],9.06µm
net299,9.06µm
u_tx_fifo.mem\[2\]\[0\],9.05µm
_1328_,9.04µm
_1231_,9.02µm
_1386_,9.02µm
rst_n,9.02µm
u_rx_fifo.mem\[1\]\[3\],9.02µm
u_tx_fifo.mem\[3\]\[7\],9.02µm
u_rx_fifo.mem\[14\]\[5\],9.01µm
_0212_,9µm
_0331_,8.995µm
_0200_,8.98µm
_0612_,8.98µm
_1405_,8.98µm
net569,8.96µm
_0570_,8.945µm
_0440_,8.94µm
_1106_,8.94µm
net292,8.94µm
_1473_,8.92µm
_0050_,8.905µm
_0580_,8.905µm
_0528_,8.9µm
_0789_,8.9µm
_1162_,8.9µm
_1198_,8.9µm
u_tx_fifo.mem\[8\]\[3\],8.9µm
net274,8.9µm
net611,8.9µm
net631,8.9µm
_0158_,8.865µm
_0934_,8.86µm
_1066_,8.86µm
_0157_,8.855µm
_0620_,8.84µm
_1159_,8.82µm
u_rx_fifo.mem\[12\]\[7\],8.82µm
u_rx_fifo.mem\[4\]\[3\],8.82µm
u_tx_fifo.mem\[0\]\[1\],8.82µm
_0765_,8.8µm
_1252_,8.8µm
net336,8.8µm
net408,8.8µm
net432,8.8µm
_0512_,8.785µm
_0363_,8.78µm
_0880_,8.78µm
_1577_,8.78µm
_1578_,8.78µm
u_rx_fifo.mem\[0\]\[5\],8.78µm
u_parser.u_packet_encoder.tag_latched\[6\],8.775µm
net427,8.77µm
_0403_,8.76µm
net320,8.76µm
net400,8.76µm
net461,8.74µm
_0169_,8.725µm
_0194_,8.7µm
_1036_,8.7µm
u_parser.u_decoder.decoded_payload\[11\],8.7µm
_0081_,8.685µm
net478,8.68µm
net597,8.68µm
_0677_,8.66µm
_0432_,8.64µm
_0669_,8.64µm
_1096_,8.64µm
_0285_,8.62µm
_0346_,8.62µm
_0364_,8.62µm
_0397_,8.62µm
_0424_,8.6µm
_0496_,8.565µm
_0182_,8.56µm
_0216_,8.56µm
_1269_,8.56µm
net407,8.54µm
_1178_,8.52µm
_1518_,8.51µm
_0853_,8.5µm
u_parser.u_decoder.decoded_payload\[2\],8.5µm
_0123_,8.485µm
_0562_,8.485µm
_0800_,8.48µm
_0917_,8.48µm
_1312_,8.48µm
net482,8.48µm
_1570_,8.46µm
net450,8.46µm
_0036_,8.445µm
_0129_,8.445µm
_0637_,8.44µm
_0842_,8.44µm
_0963_,8.44µm
net435,8.44µm
_0114_,8.42µm
_1542_,8.42µm
_0875_,8.4µm
_1427_,8.4µm
net167,8.4µm
net536,8.38µm
_1105_,8.36µm
_0898_,8.34µm
_1284_,8.34µm
_1288_,8.34µm
net344,8.34µm
_0992_,8.32µm
u_rx_fifo.mem\[5\]\[6\],8.32µm
_0325_,8.28µm
_0524_,8.28µm
_1548_,8.28µm
net624,8.28µm
_0248_,8.265µm
_0642_,8.265µm
_0793_,8.24µm
_1330_,8.24µm
_1559_,8.24µm
_0127_,8.225µm
_0495_,8.225µm
_1464_,8.2µm
u_rx_fifo.mem\[15\]\[0\],8.2µm
_0633_,8.18µm
net210,8.18µm
_0326_,8.16µm
_0634_,8.16µm
_0498_,8.155µm
_0810_,8.14µm
_1459_,8.14µm
_1558_,8.14µm
_1010_,8.12µm
_1440_,8.12µm
_1241_,8.1µm
_1556_,8.06µm
net361,8.06µm
_0135_,8.025µm
net413,8.02µm
_1173_,8µm
_0711_,7.98µm
_0756_,7.98µm
_1019_,7.98µm
_1324_,7.98µm
_1326_,7.98µm
_1471_,7.98µm
net220,7.98µm
net457,7.98µm
net490,7.98µm
_1049_,7.94µm
net171,7.94µm
net552,7.94µm
net499,7.92µm
_0567_,7.905µm
u_rx_fifo.mem\[13\]\[7\],7.9µm
u_rx_fifo.mem\[9\]\[1\],7.9µm
net596,7.9µm
_0777_,7.88µm
net507,7.88µm
_0988_,7.86µm
u_rx_fifo.mem\[11\]\[4\],7.86µm
_0110_,7.835µm
_0272_,7.805µm
_1347_,7.78µm
net592,7.78µm
_0153_,7.765µm
_0510_,7.765µm
_0828_,7.74µm
_0714_,7.72µm
u_parser.u_decoder.decoded_payload\[0\],7.7µm
_0010_,7.68µm
net628,7.68µm
_0408_,7.64µm
u_parser.u_packet_encoder.tag_latched\[13\],7.64µm
net565,7.64µm
net591,7.64µm
_0109_,7.605µm
_0124_,7.605µm
_0600_,7.6µm
_1311_,7.6µm
_1389_,7.6µm
net264,7.6µm
net303,7.6µm
_0152_,7.565µm
_0205_,7.56µm
_0393_,7.56µm
_0472_,7.56µm
_0560_,7.56µm
_0821_,7.56µm
net587,7.56µm
_0119_,7.555µm
u_parser.u_decoder.ascii_buf\[1\]\[7\],7.54µm
_0039_,7.525µm
_0497_,7.525µm
_0018_,7.52µm
_0369_,7.52µm
_0416_,7.52µm
_0978_,7.52µm
net578,7.52µm
_1207_,7.5µm
net173,7.46µm
_1422_,7.44µm
_1511_,7.44µm
net509,7.44µm
_1519_,7.42µm
u_rx_fifo.mem\[2\]\[6\],7.41µm
_0980_,7.4µm
_1529_,7.4µm
u_rx_fifo.mem\[0\]\[1\],7.4µm
u_rx_fifo.mem\[13\]\[5\],7.4µm
u_parser.u_packet_encoder.tag_latched\[5\],7.395µm
_0565_,7.385µm
_0571_,7.385µm
net196,7.38µm
net208,7.38µm
u_parser.u_decoder.timeout_count\[18\],7.32µm
net493,7.32µm
_0046_,7.305µm
_0379_,7.3µm
net262,7.3µm
_1060_,7.28µm
_1433_,7.28µm
_0128_,7.265µm
_0542_,7.26µm
u_parser.u_decoder.decoded_payload\[39\],7.24µm
_0201_,7.22µm
_0258_,7.22µm
_0411_,7.22µm
_0460_,7.22µm
_0924_,7.22µm
net267,7.22µm
net428,7.22µm
net485,7.22µm
net600,7.22µm
net615,7.22µm
u_parser.u_packet_encoder.tag_latched\[20\],7.2µm
_0592_,7.185µm
_0238_,7.18µm
_0987_,7.18µm
_1388_,7.18µm
u_tx_fifo.mem\[8\]\[7\],7.18µm
_1254_,7.14µm
u_parser.u_decoder.decoded_payload\[25\],7.14µm
net285,7.12µm
_0136_,7.105µm
_0590_,7.105µm
_0396_,7.1µm
_0672_,7.1µm
_0164_,7.095µm
_0999_,7.08µm
_1213_,7.08µm
u_tx_fifo.mem\[8\]\[1\],7.08µm
_0335_,7.06µm
_0921_,7.06µm
net165,7.06µm
net169,7.06µm
net433,7.06µm
net452,7.06µm
net464,7.06µm
_0103_,7.025µm
_0431_,7.025µm
_1180_,7.02µm
_0738_,7µm
net584,7µm
_0111_,6.985µm
_0137_,6.985µm
net582,6.98µm
_0093_,6.96µm
_0775_,6.96µm
_1064_,6.96µm
net209,6.96µm
net537,6.96µm
u_uart_tx.clk_count\[13\],6.94µm
_0159_,6.925µm
_0162_,6.925µm
net182,6.92µm
net185,6.92µm
net455,6.92µm
_0851_,6.9µm
_1420_,6.9µm
_0168_,6.885µm
_0256_,6.885µm
_0009_,6.88µm
_0371_,6.88µm
_0667_,6.88µm
net612,6.88µm
_0316_,6.86µm
_0338_,6.86µm
_0458_,6.86µm
_0707_,6.86µm
u_tx_fifo.mem\[4\]\[4\],6.86µm
_0066_,6.845µm
_0513_,6.845µm
_0191_,6.84µm
_0601_,6.84µm
_0270_,6.825µm
_1242_,6.82µm
_0745_,6.8µm
_0155_,6.785µm
_0840_,6.78µm
_1089_,6.78µm
u_uart_rx.low_count\[21\],6.78µm
net650,6.78µm
_0286_,6.76µm
_0544_,6.76µm
_0627_,6.76µm
net487,6.76µm
net642,6.76µm
_0160_,6.745µm
_0375_,6.74µm
_1576_,6.74µm
u_rx_fifo.mem\[7\]\[7\],6.74µm
_1385_,6.72µm
_1564_,6.72µm
startup_reset\[2\],6.72µm
net352,6.72µm
net374,6.72µm
_0506_,6.705µm
_0576_,6.705µm
_0857_,6.66µm
_1044_,6.66µm
_0092_,6.645µm
_0268_,6.645µm
_0650_,6.645µm
_0653_,6.645µm
net621,6.64µm
_0347_,6.6µm
net240,6.6µm
_0267_,6.54µm
net540,6.54µm
_0122_,6.525µm
_0568_,6.525µm
u_tx_fifo.mem\[4\]\[5\],6.52µm
_0057_,6.5µm
u_parser.u_decoder.ascii_buf\[10\]\[5\],6.5µm
net531,6.5µm
_0340_,6.48µm
net319,6.46µm
_0130_,6.425µm
_0006_,6.42µm
_0394_,6.42µm
_0430_,6.42µm
_0618_,6.42µm
_0933_,6.42µm
_1040_,6.4µm
_1155_,6.4µm
net187,6.4µm
_0437_,6.38µm
_0551_,6.38µm
_0037_,6.365µm
_0054_,6.365µm
_0251_,6.365µm
_0252_,6.365µm
u_parser.u_decoder.decoded_payload\[20\],6.36µm
_0676_,6.32µm
_0691_,6.32µm
_0065_,6.305µm
_0217_,6.3µm
_0226_,6.3µm
_0273_,6.3µm
_0405_,6.3µm
_0445_,6.3µm
_0638_,6.3µm
_1149_,6.3µm
u_parser.u_decoder.decoded_payload\[3\],6.3µm
net301,6.3µm
net386,6.3µm
net438,6.3µm
_1340_,6.28µm
_0282_,6.26µm
_0631_,6.26µm
_1277_,6.26µm
_1390_,6.26µm
_1555_,6.26µm
net289,6.26µm
net410,6.26µm
net529,6.26µm
net632,6.26µm
_0062_,6.225µm
_0643_,6.225µm
_0030_,6.185µm
_0126_,6.185µm
_0937_,6.18µm
rx_fifo_in_data\[0\],6.18µm
rx_fifo_in_data\[7\],6.18µm
net166,6.18µm
net313,6.18µm
net409,6.18µm
_0736_,6.14µm
_0995_,6.14µm
_1348_,6.14µm
u_tx_fifo.rd_ptr\[2\],6.14µm
net236,6.14µm
net322,6.14µm
_0646_,6.105µm
_0047_,6.085µm
net278,6.08µm
net357,6.08µm
net467,6.08µm
_0400_,6.06µm
u_parser.u_packet_encoder.tag_latched\[35\],6.06µm
u_rx_fifo.mem\[7\]\[5\],6.06µm
_0098_,6.04µm
_0167_,6.04µm
_0644_,6.04µm
net281,6.04µm
net287,6.04µm
net574,6.04µm
net633,6.025µm
_0348_,6.02µm
_0352_,6.02µm
_1020_,6.02µm
u_tx_fifo.mem\[15\]\[7\],6.02µm
net180,6.02µm
net610,6.02µm
_0101_,6.005µm
net469,5.99µm
_0716_,5.98µm
_0750_,5.98µm
_0766_,5.98µm
_1396_,5.98µm
net246,5.98µm
net372,5.98µm
net516,5.98µm
net562,5.98µm
_0026_,5.965µm
_0134_,5.965µm
_0193_,5.96µm
_0220_,5.96µm
_0227_,5.96µm
_0425_,5.96µm
_1085_,5.96µm
net193,5.96µm
_0083_,5.945µm
_0419_,5.945µm
_0195_,5.94µm
_0545_,5.94µm
_1016_,5.94µm
u_parser.u_packet_encoder.tag_latched\[22\],5.94µm
u_parser.u_packet_encoder.tag_latched\[37\],5.94µm
net442,5.94µm
_0360_,5.92µm
_0655_,5.92µm
_0041_,5.865µm
_0546_,5.86µm
_0722_,5.86µm
_1137_,5.86µm
u_parser.u_packet_encoder.tag_latched\[23\],5.86µm
_0165_,5.845µm
_0183_,5.84µm
_0211_,5.84µm
_0629_,5.84µm
_1360_,5.84µm
_1467_,5.84µm
_1523_,5.84µm
u_uart_rx.rx_shift\[7\],5.84µm
net269,5.84µm
net504,5.84µm
net617,5.84µm
_0002_,5.82µm
_0979_,5.82µm
_1039_,5.8µm
_1135_,5.8µm
_1403_,5.8µm
_1449_,5.8µm
u_parser.u_decoder.decoded_payload\[16\],5.8µm
u_parser.u_decoder.decoded_payload\[28\],5.8µm
u_uart_rx.low_count\[20\],5.8µm
net575,5.8µm
_0142_,5.765µm
_0578_,5.765µm
_0244_,5.725µm
_0249_,5.725µm
_0239_,5.72µm
_0446_,5.72µm
_0692_,5.72µm
_1005_,5.72µm
_1455_,5.72µm
net414,5.72µm
net613,5.72µm
net637,5.72µm
_1185_,5.7µm
_0685_,5.68µm
_0809_,5.68µm
_1219_,5.68µm
_1234_,5.68µm
net175,5.68µm
net249,5.68µm
net323,5.68µm
_0502_,5.645µm
_0652_,5.645µm
net346,5.62µm
net549,5.62µm
net586,5.62µm
net651,5.62µm
_0563_,5.605µm
_1240_,5.6µm
u_tx_fifo.mem\[9\]\[4\],5.6µm
net561,5.6µm
_0033_,5.58µm
_0561_,5.58µm
net283,5.58µm
net447,5.58µm
net515,5.58µm
net607,5.58µm
net233,5.56µm
_0076_,5.545µm
_0148_,5.545µm
_0177_,5.545µm
_0343_,5.52µm
net389,5.52µm
net545,5.52µm
net602,5.52µm
_0044_,5.505µm
_0179_,5.505µm
_0645_,5.505µm
_0228_,5.5µm
_0434_,5.5µm
_0453_,5.5µm
net368,5.5µm
_0406_,5.48µm
_1204_,5.48µm
_0187_,5.46µm
_0410_,5.46µm
_0626_,5.46µm
net580,5.46µm
_0151_,5.445µm
_1045_,5.44µm
_0770_,5.4µm
_0203_,5.38µm
_0442_,5.38µm
_0448_,5.38µm
_0473_,5.38µm
_0537_,5.38µm
_0624_,5.38µm
_0727_,5.38µm
_1275_,5.38µm
_1368_,5.38µm
_1447_,5.38µm
_1581_,5.38µm
u_parser.u_decoder.decoded_payload\[26\],5.38µm
net238,5.36µm
_0291_,5.34µm
_0427_,5.34µm
_0484_,5.34µm
_0604_,5.34µm
_0867_,5.34µm
_1002_,5.34µm
_1087_,5.34µm
_1321_,5.34µm
u_parser.u_decoder.decoded_payload\[31\],5.34µm
u_parser.u_decoder.decoded_payload\[37\],5.34µm
net231,5.34µm
net550,5.34µm
_0095_,5.315µm
_0245_,5.315µm
_0017_,5.31µm
_0031_,5.305µm
_0648_,5.305µm
_0649_,5.305µm
_0099_,5.285µm
_1197_,5.28µm
_1377_,5.28µm
_0573_,5.265µm
_0474_,5.26µm
_0764_,5.26µm
_1251_,5.26µm
u_parser.u_packet_encoder.tag_latched\[9\],5.26µm
net200,5.26µm
net542,5.26µm
net577,5.26µm
_1074_,5.22µm
_1122_,5.22µm
_1157_,5.22µm
_1182_,5.22µm
_0232_,5.185µm
_1366_,5.16µm
net588,5.16µm
net649,5.16µm
_0398_,5.14µm
_1148_,5.14µm
_0088_,5.135µm
_0805_,5.12µm
_1138_,5.12µm
net239,5.12µm
net359,5.12µm
net517,5.12µm
net606,5.12µm
_0859_,5.1µm
_0150_,5.095µm
_0067_,5.085µm
_0125_,5.085µm
_0170_,5.085µm
_0171_,5.085µm
net363,5.06µm
net555,5.06µm
_0078_,5.045µm
_0585_,5.045µm
_0639_,5.045µm
_0210_,5.04µm
_0365_,5.04µm
_0378_,5.04µm
_0486_,5.04µm
_0552_,5.04µm
_0100_,5.02µm
_0293_,5.02µm
_1167_,5.02µm
_1490_,5.02µm
_0441_,5µm
_0490_,5µm
_0518_,5µm
_0539_,5µm
_0061_,4.965µm
_0096_,4.965µm
rdm6300_rx_i,4.95µm
_1059_,4.94µm
_0202_,4.92µm
_0283_,4.92µm
_0314_,4.92µm
_0377_,4.92µm
_0438_,4.92µm
_0447_,4.92µm
_0449_,4.92µm
_0479_,4.92µm
_0625_,4.92µm
_1290_,4.92µm
startup_reset\[1\],4.92µm
u_rx_fifo.mem\[13\]\[6\],4.92µm
_0184_,4.88µm
_0636_,4.88µm
_0780_,4.88µm
_0783_,4.88µm
_0883_,4.88µm
_1125_,4.88µm
_1329_,4.88µm
u_parser.u_decoder.decoded_payload\[33\],4.88µm
u_rx_fifo.mem\[12\]\[1\],4.88µm
u_uart_rx.rx_shift\[2\],4.88µm
net216,4.88µm
_0043_,4.845µm
_0112_,4.845µm
_0178_,4.845µm
_0659_,4.82µm
_1247_,4.82µm
_1334_,4.82µm
_0038_,4.805µm
_0602_,4.8µm
_0819_,4.8µm
_0997_,4.8µm
net45,4.8µm
net340,4.8µm
net441,4.8µm
_0452_,4.765µm
_1028_,4.76µm
net204,4.76µm
_0811_,4.7µm
_0860_,4.7µm
_1325_,4.7µm
net190,4.7µm
net630,4.7µm
_0470_,4.68µm
u_tx_fifo.mem\[8\]\[4\],4.68µm
net524,4.68µm
_1423_,4.66µm
net535,4.66µm
_0045_,4.635µm
_0104_,4.625µm
_0132_,4.625µm
_0173_,4.605µm
_0538_,4.6µm
_1260_,4.6µm
_0077_,4.585µm
_0141_,4.585µm
_0003_,4.58µm
_0221_,4.58µm
_0262_,4.58µm
_0292_,4.58µm
_0345_,4.58µm
_0420_,4.58µm
_0429_,4.58µm
_1479_,4.58µm
_0263_,4.54µm
_0341_,4.54µm
_0523_,4.54µm
_0611_,4.54µm
_0701_,4.54µm
net214,4.54µm
_0324_,4.48µm
_1404_,4.48µm
_0230_,4.46µm
_0294_,4.46µm
_0318_,4.46µm
_0327_,4.46µm
_0351_,4.46µm
_0385_,4.46µm
_0428_,4.46µm
_0435_,4.46µm
_0485_,4.46µm
_0488_,4.46µm
_0534_,4.46µm
_0559_,4.46µm
_0690_,4.46µm
_1000_,4.46µm
_1354_,4.46µm
net583,4.46µm
_0475_,4.44µm
_0149_,4.435µm
_0264_,4.42µm
_0656_,4.42µm
_0837_,4.42µm
_1027_,4.42µm
_1304_,4.42µm
u_parser.u_decoder.decoded_payload\[21\],4.42µm
net609,4.42µm
_0254_,4.385µm
_1478_,4.36µm
_1319_,4.34µm
_1500_,4.34µm
net217,4.34µm
_0105_,4.315µm
net160,4.295µm
_0507_,4.265µm
_0023_,4.24µm
net290,4.24µm
net412,4.24µm
net544,4.24µm
_0386_,4.22µm
_1462_,4.22µm
net256,4.22µm
net199,4.2µm
net311,4.2µm
net360,4.2µm
net541,4.2µm
net179,4.14µm
net481,4.14µm
_0079_,4.125µm
_0007_,4.12µm
_0020_,4.12µm
_0121_,4.12µm
_0213_,4.12µm
_0235_,4.12µm
_0277_,4.12µm
_0366_,4.12µm
_0367_,4.12µm
_0443_,4.12µm
_0454_,4.12µm
_0630_,4.12µm
_0632_,4.12µm
_0771_,4.12µm
net451,4.12µm
_0280_,4.08µm
_0409_,4.08µm
_0413_,4.08µm
_0597_,4.08µm
_0769_,4.08µm
_0176_,4.025µm
_1030_,4.02µm
_1183_,4.02µm
_0301_,4µm
_0319_,4µm
_0380_,4µm
_0382_,4µm
_0399_,4µm
_0401_,4µm
_0414_,4µm
_0533_,4µm
_0553_,4µm
_0558_,4µm
_1521_,4µm
u_parser.u_decoder.decoded_payload\[10\],4µm
u_parser.u_decoder.decoded_payload\[24\],4µm
net532,4µm
_0339_,3.98µm
_0166_,3.945µm
_0084_,3.925µm
_0116_,3.925µm
_0175_,3.925µm
_0579_,3.925µm
_1217_,3.9µm
net47,3.9µm
_0016_,3.88µm
_0781_,3.88µm
_0794_,3.88µm
_0804_,3.88µm
_1098_,3.88µm
_1361_,3.88µm
net195,3.88µm
net422,3.88µm
_0368_,3.845µm
_0581_,3.805µm
_0082_,3.78µm
_0333_,3.78µm
_0647_,3.78µm
net164,3.78µm
net201,3.78µm
net207,3.78µm
net284,3.78µm
net626,3.78µm
_0204_,3.76µm
_0225_,3.76µm
_0260_,3.76µm
_0311_,3.76µm
_0370_,3.76µm
_0392_,3.76µm
_0480_,3.76µm
_0541_,3.76µm
net376,3.76µm
net643,3.76µm
net162,3.74µm
net194,3.74µm
net277,3.74µm
net390,3.74µm
_0027_,3.705µm
_0080_,3.705µm
_0250_,3.705µm
net159,3.705µm
_0505_,3.685µm
net375,3.68µm
net589,3.68µm
_0218_,3.66µm
_0407_,3.66µm
_0423_,3.66µm
_0466_,3.66µm
_0478_,3.66µm
_0535_,3.66µm
_0555_,3.66µm
_0906_,3.66µm
_1113_,3.66µm
_1129_,3.66µm
_1161_,3.66µm
_1381_,3.66µm
_0989_,3.64µm
_1056_,3.64µm
u_uart_rx.low_count\[22\],3.64µm
_1082_,3.56µm
net514,3.56µm
_1563_,3.555µm
_0296_,3.545µm
_0015_,3.54µm
_0188_,3.54µm
_0192_,3.54µm
_0276_,3.54µm
_0389_,3.54µm
_0412_,3.54µm
_0415_,3.54µm
_0418_,3.54µm
_0433_,3.54µm
_0462_,3.54µm
_0662_,3.54µm
_0673_,3.54µm
_0925_,3.54µm
u_parser.u_decoder.decoded_payload\[38\],3.54µm
net298,3.54µm
net328,3.54µm
net364,3.54µm
net395,3.54µm
net423,3.54µm
net512,3.54µm
_0605_,3.52µm
_1481_,3.52µm
_0035_,3.465µm
_0042_,3.465µm
_0102_,3.465µm
_0118_,3.465µm
_0172_,3.465µm
_0241_,3.465µm
_0090_,3.44µm
_0753_,3.42µm
_1130_,3.42µm
_1303_,3.42µm
_1359_,3.42µm
_1451_,3.42µm
_1463_,3.42µm
_1501_,3.42µm
net296,3.42µm
net356,3.42µm
net440,3.42µm
net566,3.42µm
_0108_,3.345µm
net158,3.345µm
_0025_,3.32µm
_0641_,3.32µm
_0654_,3.32µm
_0816_,3.32µm
_1050_,3.32µm
_1208_,3.32µm
net172,3.32µm
net178,3.32µm
net234,3.32µm
net282,3.32µm
net523,3.32µm
_0356_,3.3µm
_0588_,3.245µm
_0640_,3.245µm
_0391_,3.225µm
u_parser.u_decoder.decoded_payload\[1\],3.22µm
u_parser.u_decoder.decoded_payload\[27\],3.22µm
u_parser.u_decoder.decoded_payload\[35\],3.22µm
u_parser.u_decoder.decoded_payload\[4\],3.22µm
net403,3.22µm
net448,3.22µm
net601,3.22µm
_0189_,3.2µm
_0198_,3.2µm
_0207_,3.2µm
_0208_,3.2µm
_0279_,3.2µm
_0288_,3.2µm
_0289_,3.2µm
_0349_,3.2µm
_0376_,3.2µm
_0444_,3.2µm
_0461_,3.2µm
_0469_,3.2µm
_0477_,3.2µm
_0481_,3.2µm
_0619_,3.2µm
_0246_,3.175µm
_0501_,3.175µm
_0572_,3.175µm
_0584_,3.175µm
_0138_,3.125µm
_0651_,3.125µm
_1553_,3.1µm
_0012_,3.08µm
_0274_,3.08µm
_0302_,3.08µm
_0303_,3.08µm
_0322_,3.08µm
_0336_,3.08µm
_0421_,3.08µm
_0456_,3.08µm
_0547_,3.08µm
_1150_,3.08µm
_1539_,3.08µm
u_parser.u_decoder.decoded_payload\[5\],3.08µm
net538,3.08µm
net581,3.08µm
net620,3.08µm
_0021_,3.045µm
_0056_,3.045µm
_0058_,3.045µm
_0143_,3.045µm
_0271_,3.005µm
_0154_,2.98µm
_1351_,2.98µm
_0330_,2.96µm
_0357_,2.96µm
_0795_,2.96µm
_0872_,2.96µm
_0897_,2.96µm
_1414_,2.96µm
startup_reset\[0\],2.96µm
net218,2.96µm
net572,2.96µm
net603,2.96µm
_0040_,2.885µm
_0163_,2.885µm
_0253_,2.885µm
_0144_,2.86µm
_0174_,2.86µm
net228,2.86µm
net307,2.86µm
net312,2.86µm
net314,2.86µm
net326,2.86µm
net330,2.86µm
net338,2.86µm
net558,2.86µm
_0275_,2.84µm
_0297_,2.84µm
_0068_,2.785µm
_0070_,2.785µm
_0113_,2.785µm
_0569_,2.785µm
_0589_,2.785µm
net156,2.785µm
_0483_,2.765µm
_1099_,2.76µm
net211,2.76µm
net305,2.76µm
net332,2.76µm
net369,2.76µm
net462,2.76µm
net463,2.76µm
net526,2.76µm
net530,2.76µm
net646,2.76µm
_0019_,2.74µm
_0186_,2.74µm
_0206_,2.74µm
_0222_,2.74µm
_0224_,2.74µm
_0231_,2.74µm
_0236_,2.74µm
_0240_,2.74µm
_0278_,2.74µm
_0307_,2.74µm
_0320_,2.74µm
_0342_,2.74µm
_0353_,2.74µm
_0387_,2.74µm
_0439_,2.74µm
_0491_,2.74µm
_0521_,2.74µm
_0527_,2.74µm
_0529_,2.74µm
_0660_,2.74µm
_1121_,2.74µm
_1517_,2.74µm
_0034_,2.715µm
_0074_,2.715µm
_0214_,2.64µm
_0354_,2.64µm
_0384_,2.64µm
_0390_,2.64µm
_1488_,2.64µm
net184,2.64µm
net255,2.64µm
net567,2.64µm
_0284_,2.62µm
_0299_,2.62µm
_0304_,2.62µm
_0373_,2.62µm
_0402_,2.62µm
_0467_,2.62µm
_0594_,2.62µm
_0603_,2.62µm
_0606_,2.62µm
_1222_,2.62µm
u_parser.u_decoder.decoded_payload\[14\],2.62µm
u_parser.u_decoder.decoded_payload\[15\],2.62µm
u_parser.u_decoder.decoded_payload\[9\],2.62µm
u_uart_rx.rx_shift\[3\],2.62µm
net247,2.62µm
net251,2.62µm
net276,2.62µm
net347,2.62µm
_0577_,2.595µm
_0115_,2.545µm
_0145_,2.545µm
_0489_,2.52µm
_0909_,2.52µm
_0931_,2.52µm
net318,2.52µm
_0674_,2.5µm
_0861_,2.5µm
_0863_,2.5µm
_0914_,2.5µm
_1114_,2.5µm
_1341_,2.5µm
_1345_,2.5µm
rx_fifo_in_data\[1\],2.5µm
rx_fifo_in_data\[3\],2.5µm
u_uart_tx.clk_count\[3\],2.5µm
net177,2.5µm
net197,2.5µm
net205,2.5µm
net242,2.5µm
net638,2.5µm
_0120_,2.485µm
_1491_,2.48µm
_0309_,2.465µm
_1179_,2.4µm
_1535_,2.4µm
net188,2.4µm
net203,2.4µm
net243,2.4µm
net266,2.4µm
net294,2.4µm
net316,2.4µm
net348,2.4µm
net404,2.4µm
net508,2.4µm
net518,2.4µm
net548,2.4µm
_0060_,2.375µm
_0087_,2.325µm
_0097_,2.325µm
_0247_,2.325µm
_0000_,2.3µm
_0329_,2.3µm
_0550_,2.3µm
_0598_,2.3µm
_0856_,2.3µm
_0993_,2.3µm
net161,2.3µm
net170,2.3µm
net183,2.3µm
net191,2.3µm
net192,2.3µm
net206,2.3µm
net213,2.3µm
net219,2.3µm
net225,2.3µm
net229,2.3µm
net244,2.3µm
net265,2.3µm
net271,2.3µm
net273,2.3µm
net286,2.3µm
net291,2.3µm
net325,2.3µm
net334,2.3µm
net345,2.3µm
net494,2.3µm
net502,2.3µm
net520,2.3µm
net521,2.3µm
net534,2.3µm
net543,2.3µm
net553,2.3µm
net554,2.3µm
net556,2.3µm
net560,2.3µm
net563,2.3µm
net568,2.3µm
net571,2.3µm
net585,2.3µm
net590,2.3µm
net594,2.3µm
net595,2.3µm
net618,2.3µm
net636,2.3µm
net639,2.3µm
_0287_,2.28µm
_0350_,2.28µm
_0358_,2.28µm
_0359_,2.28µm
_0381_,2.28µm
_0388_,2.28µm
_0404_,2.28µm
_0468_,2.28µm
_0482_,2.28µm
_0536_,2.28µm
_0599_,2.28µm
_0614_,2.28µm
_0623_,2.28µm
_0133_,2.255µm
_0564_,2.255µm
_0197_,2.18µm
_0328_,2.18µm
_0332_,2.18µm
_0334_,2.18µm
_0337_,2.18µm
_0355_,2.18µm
_0540_,2.18µm
_1012_,2.18µm
_1477_,2.18µm
net288,2.18µm
net559,2.18µm
net593,2.18µm
_0014_,2.16µm
_0181_,2.16µm
_0185_,2.16µm
_0229_,2.16µm
_0234_,2.16µm
_0298_,2.16µm
_0310_,2.16µm
_0313_,2.16µm
_0361_,2.16µm
_0374_,2.16µm
_0417_,2.16µm
_0463_,2.16µm
_0464_,2.16µm
_0525_,2.16µm
_0622_,2.16µm
_1186_,2.16µm
_1232_,2.16µm
_1356_,2.16µm
_1401_,2.16µm
u_parser.u_decoder.decoded_payload\[17\],2.16µm
u_parser.u_decoder.decoded_payload\[22\],2.16µm
u_uart_rx.vote_ones\[0\],2.16µm
net48,2.16µm
net321,2.16µm
net379,2.16µm
net380,2.16µm
net431,2.16µm
net528,2.16µm
net614,2.16µm
_0566_,2.125µm
_0494_,2.085µm
_1052_,2.06µm
_1355_,2.06µm
_1170_,2.04µm
_1202_,2.04µm
_1426_,2.04µm
net202,2.04µm
net221,2.04µm
net227,2.04µm
net259,2.04µm
net306,2.04µm
_0069_,2.025µm
_0265_,2.025µm
net268,1.94µm
net272,1.94µm
net310,1.94µm
net331,1.94µm
net333,1.94µm
net370,1.94µm
net377,1.94µm
net484,1.94µm
net513,1.94µm
net579,1.94µm
_0022_,1.865µm
_0052_,1.865µm
_0508_,1.865µm
_0591_,1.865µm
_0305_,1.85µm
_0635_,1.84µm
_0657_,1.84µm
_1497_,1.84µm
_1583_,1.84µm
net258,1.84µm
net263,1.84µm
net270,1.84µm
net275,1.84µm
net304,1.84µm
net315,1.84µm
net317,1.84µm
net349,1.84µm
net351,1.84µm
net353,1.84µm
net355,1.84µm
net358,1.84µm
net371,1.84µm
net383,1.84µm
net392,1.84µm
net401,1.84µm
net402,1.84µm
net416,1.84µm
net429,1.84µm
net491,1.84µm
net503,1.84µm
net505,1.84µm
net510,1.84µm
net511,1.84µm
net522,1.84µm
net533,1.84µm
net539,1.84µm
net546,1.84µm
net573,1.84µm
net608,1.84µm
net641,1.84µm
net644,1.84µm
_0005_,1.82µm
_0196_,1.82µm
_0259_,1.82µm
_0290_,1.82µm
_0312_,1.82µm
_0395_,1.82µm
_0471_,1.82µm
_0608_,1.82µm
_0609_,1.82µm
_0610_,1.82µm
_0621_,1.82µm
_0628_,1.82µm
net473,1.82µm
_0013_,1.75µm
_0257_,1.75µm
_0011_,1.745µm
_1363_,1.72µm
_1516_,1.72µm
_0261_,1.7µm
_0281_,1.7µm
_0306_,1.7µm
_0517_,1.7µm
_0530_,1.7µm
_0557_,1.7µm
_0615_,1.7µm
_0986_,1.7µm
_0991_,1.7µm
_1013_,1.7µm
_1021_,1.7µm
_1270_,1.7µm
rx_fifo_in_data\[2\],1.7µm
u_parser.u_decoder.decoded_payload\[18\],1.7µm
u_parser.u_decoder.decoded_payload\[29\],1.7µm
net254,1.7µm
net260,1.7µm
net434,1.7µm
_1537_,1.68µm
_1453_,1.6µm
_0156_,1.575µm
_0422_,1.545µm
_0724_,1.48µm
_1134_,1.48µm
_1237_,1.48µm
net163,1.48µm
net212,1.48µm
net223,1.48µm
net235,1.48µm
net300,1.48µm
net308,1.48µm
net324,1.48µm
net342,1.48µm
net385,1.48µm
net399,1.48µm
net406,1.48µm
_1524_,1.46µm
_0032_,1.405µm
_0801_,1.38µm
_1073_,1.38µm
_1166_,1.38µm
_1434_,1.38µm
_1494_,1.38µm
_1503_,1.38µm
net460,1.38µm
net570,1.38µm
net619,1.38µm
net648,1.38µm
_0308_,1.36µm
_0321_,1.36µm
_0436_,1.36µm
_0450_,1.36µm
_0451_,1.36µm
_0465_,1.36µm
_0532_,1.36µm
_0613_,1.36µm
net635,1.36µm
u_parser.u_decoder.decoded_payload\[23\],1.26µm
_1418_,1.14µm
_0300_,1.08µm
net168,1.02µm
net174,1.02µm
net189,1.02µm
net295,1.02µm
net302,1.02µm
net343,1.02µm
_1090_,0.92µm
_1246_,0.92µm
_1344_,0.92µm
_1369_,0.92µm
_1557_,0.92µm
_1579_,0.92µm
net634,0.92µm
net655,0.92µm
_1175_,0.8µm
_1457_,0.8µm
_1176_,0.46µm
_1428_,0.46µm
u_parser.u_decoder.decoded_payload\[36\],0.46µm
net564,0.46µm
net623,0.46µm
net625,0.46µm
net627,0.46µm
net629,0.46µm
net645,0.46µm
net647,0.46µm
net652,0.46µm
